On time(sec),Flight time(sec),Orientation X,Orientation Y,Orientation Z,Acceleration X,Acceleration Y,Acceleration Z,TVC X,TVC Y,Setpoint X,Setpoint Y, CC state,Temp(C),Altitude(m),Pyro 1,Pyro 2,Pyro 3,Pyro 4,Abort state,Battery voltage,System state
6.59,0,0,-0.03,0,-2.43,-0.4,9.43,0,0,0,0,0,15.36,0,0,0,0,0,0,11.9,1
6.59,0,0,-0.03,0,-2.43,-0.4,9.43,0,0,0,0,0,15.36,0,0,0,0,0,0,11.9,1
7.6,0,1.74,-10.69,0,-2.47,-0.37,9.42,0,0,1.79,-10.48,0,15.38,0,0,0,0,0,0,11.94,1
8.6,0,2.4,-14.55,0,-2.47,-0.4,9.46,0,0,2.55,-14.09,0,15.41,0,0,0,0,0,0,11.83,1
9.6,0,2.53,-14.54,0,-2.38,-0.5,9.48,0,0,2.69,-14.08,0,15.43,0,0,0,0,0,0,11.76,1
10.61,0,2.36,-14.56,0,-2.57,-0.19,9.45,0,0,2.52,-14.1,0,15.45,0,0,0,0,0,0,11.83,1
11.62,0,2.26,-14.64,0,-2.41,-0.42,9.46,0,0,2.41,-14.16,0,15.48,0,0,0,0,0,0,11.83,1
12.62,0,2.27,-14.59,0,-2.46,-0.46,9.43,0,0,2.41,-14.12,0,15.49,0,0,0,0,0,0,11.72,1
13.63,0,2.33,-14.59,0,-2.48,-0.24,9.44,0,0,2.48,-14.12,0,15.52,0,0,0,0,0,0,11.87,1
14.63,0,2.26,-14.6,0,-2.45,-0.37,9.44,0,0,2.4,-14.13,0,15.54,0,0,0,0,0,0,11.83,1
15.63,0,2.26,-14.59,0,-2.43,-0.47,9.44,0,0,2.4,-14.12,0,15.56,0,0,0,0,0,0,11.98,1
16.63,0,2.32,-14.6,0,-2.46,-0.3,9.43,0,0,2.47,-14.13,0,15.58,0,0,0,0,0,0,11.87,1
17.64,0,2.27,-14.6,0,-2.44,-0.41,9.44,0,0,2.41,-14.13,0,15.6,0,0,0,0,0,0,11.98,1
18.64,0,2.24,-14.61,0,-2.46,-0.52,9.45,0,0,2.38,-14.13,0,15.62,0,0,0,0,0,0,11.94,1
19.64,0,2.24,-14.61,0,-2.42,-0.28,9.47,0,0,2.38,-14.14,0,15.64,0,0,0,0,0,0,11.98,1
20.64,0,2.31,-14.58,0,-2.44,-0.27,9.41,0,0,2.46,-14.11,0,15.65,0,0,0,0,0,0,11.68,1
21.65,0,2.32,-14.63,0,-2.52,-0.56,9.44,0,0,2.46,-14.16,0,15.68,0,0,0,0,0,0,11.72,1
22.65,0,2.23,-14.58,0,-2.48,-0.24,9.47,0,0,2.38,-14.11,0,15.69,0,0,0,0,0,0,11.79,1
23.65,0,2.65,-14.69,0,-2.62,-0.3,9.37,0,0,2.82,-14.21,0,15.71,0,0,0,0,0,0,11.61,1
24.66,0,1.61,-14.35,0,-2.57,-0.43,9.49,0,0,1.71,-13.9,0,15.72,0,0,0,0,0,0,11.98,1
25.66,0,2.01,-14.2,0,-2.21,-0.33,9.49,0,0,2.13,-13.77,0,15.74,0,0,0,0,0,0,12.01,1
26.66,0,1.92,-14.16,0,-2.41,-0.27,9.47,0,0,2.03,-13.73,0,15.75,0,0,0,0,0,0,11.61,1
27.66,0,1.81,-13.94,0,-2.28,-0.29,9.45,0,0,1.92,-13.53,0,15.77,0,0,0,0,0,0,11.76,1
28.66,0,2.56,-14.68,0,-2.53,-0.23,9.45,0,0,2.72,-14.2,0,15.78,0,0,0,0,0,0,11.68,1
29.67,0,2.16,-14.57,0,-2.63,-0.56,9.39,0,0,2.3,-14.11,0,15.8,0,0,0,0,0,0,11.58,1
30.67,0,2.38,-14.77,0,-2.42,-0.33,9.44,0,0,2.53,-14.28,0,15.8,0,0,0,0,0,0,11.76,1
31.67,0,2.26,-14.33,0,-2.31,-0.45,9.34,0,0,2.39,-13.89,0,15.82,0,0,0,0,0,0,11.94,1
32.67,0,2.38,-14.08,0,-2.56,-0.28,9.43,0,0,2.52,-13.65,0,15.84,0,0,0,0,0,0,11.79,1
33.68,0,2.33,-14.45,0,-2.47,-0.33,9.48,0,0,2.47,-14,0,15.85,0,0,0,0,0,0,11.76,1
34.68,0,2.33,-14.6,0,-2.53,-0.38,9.43,0,0,2.47,-14.13,0,15.85,0,0,0,0,0,0,11.87,1
35.68,0,2.29,-14.64,0,-2.47,-0.38,9.43,0,0,2.44,-14.16,0,15.86,0,0,0,0,0,0,11.79,1
36.69,0,2.31,-14.58,0,-2.45,-0.42,9.45,0,0,2.45,-14.12,0,15.88,0,0,0,0,0,0,11.65,1
37.69,0,2.33,-14.62,0,-2.44,-0.37,9.47,0,0,2.47,-14.15,0,15.89,0,0,0,0,0,0,11.79,1
38.7,0,2.32,-14.64,0,-2.46,-0.42,9.42,0,0,2.47,-14.16,0,15.9,0,0,0,0,0,0,11.83,1
39.7,0,2.32,-14.61,0,-2.44,-0.36,9.44,0,0,2.47,-14.14,0,15.91,0,0,0,0,0,0,11.76,1
40.71,0,2.3,-14.6,0,-2.46,-0.4,9.44,0,0,2.45,-14.13,0,15.91,0,0,0,0,0,0,11.87,1
41.71,0,2.3,-14.62,0,-2.5,-0.41,9.44,0,0,2.44,-14.14,0,15.92,0,0,0,0,0,0,11.65,1
42.71,0,2.31,-14.63,0,-2.43,-0.4,9.43,0,0,2.46,-14.16,0,15.93,0,0,0,0,0,0,11.83,1
43.71,0,2.3,-14.61,0,-2.45,-0.37,9.44,0,0,2.44,-14.14,0,15.94,0,0,0,0,0,0,11.79,1
44.72,0,2.3,-14.62,0,-2.41,-0.33,9.47,0,0,2.45,-14.15,0,15.95,0,0,0,0,0,0,11.72,1
45.72,0,2.3,-14.6,0,-2.46,-0.36,9.45,0,0,2.45,-14.13,0,15.96,0,0,0,0,0,0,11.76,1
46.72,0,2.31,-14.62,0,-2.46,-0.37,9.47,0,0,2.46,-14.15,0,15.97,0,0,0,0,0,0,11.72,1
47.72,0,2.32,-14.63,0,-2.52,-0.44,9.42,0,0,2.47,-14.15,0,15.98,0,0,0,0,0,0,12.05,1
48.72,0,2.31,-14.62,0,-2.45,-0.37,9.44,0,0,2.46,-14.15,0,15.98,0,0,0,0,0,0,11.83,1
49.73,0,2.31,-14.63,0,-2.42,-0.38,9.47,0,0,2.46,-14.16,0,15.99,0,0,0,0,0,0,11.76,1
50.73,0,2.31,-14.64,0,-2.45,-0.41,9.47,0,0,2.46,-14.17,0,16,0,0,0,0,0,0,11.68,1
51.73,0,2.29,-14.62,0,-2.4,-0.4,9.48,0,0,2.43,-14.15,0,16.01,0,0,0,0,0,0,11.72,1
52.73,0,2.28,-14.61,0,-2.45,-0.37,9.45,0,0,2.42,-14.14,0,16.02,0,0,0,0,0,0,12.01,1
53.74,0,2.3,-14.63,0,-2.41,-0.32,9.46,0,0,2.44,-14.16,0,16.02,0,0,0,0,0,0,11.98,1
54.74,0,2.28,-14.61,0,-2.38,-0.36,9.48,0,0,2.43,-14.14,0,16.03,0,0,0,0,0,0,11.76,1
55.74,0,2.28,-14.62,0,-2.46,-0.37,9.45,0,0,2.42,-14.15,0,16.04,0,0,0,0,0,0,12.09,1
56.75,0,2.29,-14.62,0,-2.39,-0.36,9.48,0,0,2.44,-14.15,0,16.04,0,0,0,0,0,0,11.83,1
57.75,0,2.31,-14.64,0,-2.46,-0.39,9.45,0,0,2.46,-14.17,0,16.05,0,0,0,0,0,0,11.72,1
58.76,0,2.29,-14.62,0,-2.5,-0.39,9.43,0,0,2.44,-14.15,0,16.06,0,0,0,0,0,0,11.65,1
59.76,0,2.3,-14.63,0,-2.44,-0.38,9.44,0,0,2.45,-14.15,0,16.06,0,0,0,0,0,0,11.9,1
60.76,0,2.3,-14.62,0,-2.5,-0.42,9.4,0,0,2.45,-14.15,0,16.07,0,0,0,0,0,0,11.79,1
61.77,0,2.29,-14.64,0,-2.46,-0.36,9.44,0,0,2.44,-14.17,0,16.08,0,0,0,0,0,0,12.01,1
62.77,0,2.29,-14.62,0,-2.45,-0.35,9.45,0,0,2.44,-14.15,0,16.08,0,0,0,0,0,0,11.79,1
63.77,0,2.32,-14.64,0,-2.49,-0.42,9.44,0,0,2.47,-14.17,0,16.09,0,0,0,0,0,0,11.79,1
64.77,0,2.31,-14.65,0,-2.47,-0.36,9.45,0,0,2.46,-14.17,0,16.1,0,0,0,0,0,0,11.9,1
65.78,0,2.27,-14.61,0,-2.39,-0.31,9.48,0,0,2.42,-14.14,0,16.11,0,0,0,0,0,0,11.79,1
66.79,0,2.29,-14.6,0,-2.45,-0.4,9.44,0,0,2.43,-14.13,0,16.11,0,0,0,0,0,0,11.61,1
67.79,0,2.29,-14.62,0,-2.44,-0.4,9.44,0,0,2.43,-14.15,0,16.12,0,0,0,0,0,0,11.87,1
68.79,0,2.29,-14.6,0,-2.48,-0.35,9.46,0,0,2.43,-14.13,0,16.12,0,0,0,0,0,0,11.76,1
69.8,0,2.29,-14.62,0,-2.51,-0.43,9.44,0,0,2.44,-14.15,0,16.13,0,0,0,0,0,0,11.68,1
70.8,0,2.29,-14.61,0,-2.49,-0.41,9.45,0,0,2.44,-14.13,0,16.14,0,0,0,0,0,0,11.79,1
71.8,0,2.28,-14.61,0,-2.47,-0.37,9.45,0,0,2.43,-14.14,0,16.14,0,0,0,0,0,0,11.87,1
72.8,0,2.27,-14.64,0,-2.49,-0.38,9.42,0,0,2.42,-14.17,0,16.14,0,0,0,0,0,0,11.68,1
73.8,0,2.29,-14.64,0,-2.5,-0.4,9.47,0,0,2.43,-14.17,0,16.16,0,0,0,0,0,0,11.87,1
74.81,0,2.3,-14.64,0,-2.48,-0.36,9.43,0,0,2.44,-14.16,0,16.16,0,0,0,0,0,0,11.76,1
75.81,0,2.3,-14.63,0,-2.46,-0.38,9.46,0,0,2.44,-14.16,0,16.16,0,0,0,0,0,0,11.72,1
76.81,0,2.28,-14.64,0,-2.54,-0.4,9.43,0,0,2.43,-14.16,0,16.17,0,0,0,0,0,0,11.87,1
77.81,0,2.29,-14.65,0,-2.47,-0.4,9.45,0,0,2.44,-14.17,0,16.18,0,0,0,0,0,0,11.76,1
78.82,0,2.29,-14.64,0,-2.5,-0.33,9.46,0,0,2.43,-14.16,0,16.19,0,0,0,0,0,0,11.79,1
79.82,0,2.27,-14.62,0,-2.5,-0.38,9.44,0,0,2.41,-14.15,0,16.19,0,0,0,0,0,0,11.9,1
80.82,0,2.27,-14.64,0,-2.48,-0.39,9.45,0,0,2.42,-14.16,0,16.19,0,0,0,0,0,0,11.79,1
81.82,0,2.29,-14.64,0,-2.45,-0.35,9.48,0,0,2.44,-14.16,0,16.2,0,0,0,0,0,0,11.98,1
82.83,0,2.28,-14.64,0,-2.49,-0.38,9.45,0,0,2.43,-14.16,0,16.2,0,0,0,0,0,0,11.9,1
83.83,0,2.27,-14.61,0,-2.43,-0.41,9.46,0,0,2.42,-14.14,0,16.21,0,0,0,0,0,0,11.79,1
84.83,0,2.28,-14.6,0,-2.47,-0.36,9.45,0,0,2.43,-14.13,0,16.22,0,0,0,0,0,0,11.68,1
85.83,0,2.29,-14.63,0,-2.44,-0.38,9.45,0,0,2.43,-14.16,0,16.23,0,0,0,0,0,0,11.72,1
86.84,0,2.28,-14.64,0,-2.48,-0.37,9.44,0,0,2.42,-14.16,0,16.23,0,0,0,0,0,0,11.9,1
87.84,0,2.28,-14.63,0,-2.46,-0.39,9.47,0,0,2.42,-14.16,0,16.23,0,0,0,0,0,0,11.72,1
88.84,0,2.28,-14.62,0,-2.49,-0.44,9.45,0,0,2.43,-14.14,0,16.25,0,0,0,0,0,0,11.83,1
89.84,0,2.27,-14.63,0,-2.46,-0.39,9.44,0,0,2.41,-14.15,0,16.25,0,0,0,0,0,0,11.79,1
90.84,0,2.27,-14.63,0,-2.46,-0.39,9.46,0,0,2.42,-14.16,0,16.25,0,0,0,0,0,0,11.76,1
91.84,0,2.28,-14.64,0,-2.49,-0.37,9.45,0,0,2.43,-14.17,0,16.25,0,0,0,0,0,0,11.47,1
92.85,0,2.27,-14.65,0,-2.5,-0.42,9.44,0,0,2.41,-14.17,0,16.26,0,0,0,0,0,0,11.79,1
93.85,0,2.28,-14.64,0,-2.47,-0.38,9.45,0,0,2.43,-14.16,0,16.26,0,0,0,0,0,0,11.83,1
94.85,0,2.27,-14.64,0,-2.52,-0.34,9.44,0,0,2.42,-14.16,0,16.28,0,0,0,0,0,0,11.65,1
95.85,0,2.25,-14.61,0,-2.43,-0.33,9.49,0,0,2.39,-14.14,0,16.28,0,0,0,0,0,0,11.9,1
96.85,0,2.26,-14.6,0,-2.49,-0.37,9.46,0,0,2.4,-14.13,0,16.27,0,0,0,0,0,0,11.68,1
97.86,0,2.26,-14.63,0,-2.44,-0.34,9.48,0,0,2.41,-14.16,0,16.28,0,0,0,0,0,0,11.79,1
98.86,0,2.26,-14.63,0,-2.48,-0.38,9.44,0,0,2.41,-14.15,0,16.29,0,0,0,0,0,0,11.5,1
99.86,0,2.26,-14.63,0,-2.43,-0.31,9.48,0,0,2.4,-14.16,0,16.3,0,0,0,0,0,0,11.76,1
100.86,0,2.25,-14.62,0,-2.48,-0.36,9.45,0,0,2.39,-14.14,0,16.3,0,0,0,0,0,0,11.83,1
101.87,0,2.27,-14.64,0,-2.41,-0.34,9.47,0,0,2.41,-14.16,0,16.31,0,0,0,0,0,0,11.72,1
102.87,0,2.27,-14.66,0,-2.48,-0.39,9.46,0,0,2.42,-14.19,0,16.31,0,0,0,0,0,0,11.87,1
103.87,0,2.26,-14.63,0,-2.49,-0.36,9.45,0,0,2.4,-14.16,0,16.31,0,0,0,0,0,0,11.76,1
104.87,0,2.27,-14.64,0,-2.46,-0.39,9.42,0,0,2.42,-14.16,0,16.32,0,0,0,0,0,0,11.83,1
105.87,0,2.26,-14.63,0,-2.48,-0.36,9.44,0,0,2.4,-14.15,0,16.32,0,0,0,0,0,0,11.76,1
106.88,0,2.26,-14.64,0,-2.49,-0.37,9.43,0,0,2.41,-14.17,0,16.33,0,0,0,0,0,0,11.98,1
107.88,0,2.25,-14.63,0,-2.49,-0.39,9.44,0,0,2.39,-14.16,0,16.33,0,0,0,0,0,0,11.68,1
108.88,0,2.26,-14.66,0,-2.45,-0.37,9.46,0,0,2.41,-14.18,0,16.34,0,0,0,0,0,0,11.61,1
109.88,0,2.27,-14.65,0,-2.47,-0.38,9.46,0,0,2.41,-14.17,0,16.34,0,0,0,0,0,0,11.54,1
110.89,0,2.26,-14.64,0,-2.53,-0.37,9.44,0,0,2.41,-14.16,0,16.34,0,0,0,0,0,0,11.94,1
111.89,0,2.27,-14.64,0,-2.48,-0.38,9.44,0,0,2.41,-14.16,0,16.35,0,0,0,0,0,0,11.83,1
112.89,0,2.28,-14.65,0,-2.47,-0.36,9.45,0,0,2.42,-14.17,0,16.36,0,0,0,0,0,0,11.76,1
113.9,0,2.24,-14.61,0,-2.48,-0.35,9.46,0,0,2.39,-14.14,0,16.37,0,0,0,0,0,0,11.65,1
114.9,0,2.25,-14.62,0,-2.5,-0.36,9.44,0,0,2.4,-14.15,0,16.36,0,0,0,0,0,0,11.83,1
115.9,0,2.28,-14.63,0,-2.48,-0.33,9.46,0,0,2.42,-14.15,0,16.37,0,0,0,0,0,0,11.61,1
116.9,0,2.28,-14.64,0,-2.48,-0.38,9.44,0,0,2.43,-14.17,0,16.38,0,0,0,0,0,0,11.83,1
117.9,0,2.28,-14.65,0,-2.51,-0.38,9.44,0,0,2.42,-14.18,0,16.38,0,0,0,0,0,0,11.79,1
118.91,0,2.28,-14.66,0,-2.46,-0.39,9.45,0,0,2.43,-14.18,0,16.39,0,0,0,0,0,0,11.65,1
119.91,0,2.27,-14.64,0,-2.45,-0.42,9.45,0,0,2.42,-14.17,0,16.39,0,0,0,0,0,0,11.87,1
120.92,0,2.26,-14.63,0,-2.48,-0.38,9.45,0,0,2.4,-14.16,0,16.4,0,0,0,0,0,0,11.65,1
121.92,0,2.27,-14.63,0,-2.48,-0.37,9.43,0,0,2.42,-14.16,0,16.4,0,0,0,0,0,0,11.79,1
122.93,0,2.25,-14.65,0,-2.49,-0.36,9.45,0,0,2.4,-14.17,0,16.41,0,0,0,0,0,0,11.87,1
123.93,0,2.26,-14.64,0,-2.47,-0.38,9.46,0,0,2.4,-14.17,0,16.41,0,0,0,0,0,0,11.87,1
124.93,0,2.26,-14.66,0,-2.48,-0.38,9.43,0,0,2.41,-14.18,0,16.42,0,0,0,0,0,0,11.68,1
125.94,0,2.28,-14.64,0,-2.48,-0.38,9.45,0,0,2.42,-14.17,0,16.42,0,0,0,0,0,0,11.79,1
126.94,0,2.29,-14.65,0,-2.45,-0.34,9.47,0,0,2.43,-14.17,0,16.42,0,0,0,0,0,0,11.76,1
127.95,0,2.27,-14.63,0,-2.48,-0.37,9.44,0,0,2.42,-14.15,0,16.42,0,0,0,0,0,0,11.94,1
128.95,0,2.25,-14.64,0,-2.45,-0.38,9.44,0,0,2.39,-14.16,0,16.42,0,0,0,0,0,0,11.54,1
129.95,0,2.27,-14.65,0,-2.5,-0.38,9.44,0,0,2.41,-14.17,0,16.44,0,0,0,0,0,0,12.16,1
130.95,0,2.27,-14.65,0,-2.48,-0.38,9.46,0,0,2.41,-14.18,0,16.45,0,0,0,0,0,0,11.58,1
131.96,0,2.25,-14.65,0,-2.47,-0.32,9.45,0,0,2.39,-14.18,0,16.45,0,0,0,0,0,0,11.83,1
132.96,0,2.26,-14.65,0,-2.47,-0.37,9.46,0,0,2.41,-14.18,0,16.45,0,0,0,0,0,0,11.87,1
133.96,0,2.27,-14.65,0,-2.47,-0.37,9.45,0,0,2.42,-14.17,0,16.45,0,0,0,0,0,0,11.76,1
134.97,0,2.27,-14.64,0,-2.45,-0.37,9.44,0,0,2.41,-14.17,0,16.46,0,0,0,0,0,0,11.79,1
135.97,0,2.26,-14.65,0,-2.46,-0.39,9.46,0,0,2.41,-14.18,0,16.46,0,0,0,0,0,0,11.79,1
136.97,0,2.25,-14.65,0,-2.47,-0.37,9.45,0,0,2.39,-14.18,0,16.47,0,0,0,0,0,0,11.79,1
137.97,0,2.25,-14.64,0,-2.46,-0.38,9.44,0,0,2.4,-14.16,0,16.47,0,0,0,0,0,0,11.76,1
138.97,0,2.27,-14.65,0,-2.46,-0.39,9.45,0,0,2.41,-14.17,0,16.47,0,0,0,0,0,0,11.98,1
139.98,0,2.26,-14.65,0,-2.46,-0.37,9.44,0,0,2.4,-14.18,0,16.48,0,0,0,0,0,0,11.68,1
140.98,0,2.27,-14.64,0,-2.5,-0.37,9.45,0,0,2.41,-14.17,0,16.48,0,0,0,0,0,0,11.87,1
141.99,0,2.27,-14.65,0,-2.46,-0.39,9.44,0,0,2.42,-14.18,0,16.49,0,0,0,0,0,0,11.72,1
142.99,0,2.28,-14.67,0,-2.48,-0.36,9.45,0,0,2.43,-14.19,0,16.49,0,0,0,0,0,0,11.76,1
143.99,0,2.26,-14.64,0,-2.45,-0.37,9.44,0,0,2.41,-14.17,0,16.49,0,0,0,0,0,0,11.72,1
144.99,0,2.28,-14.64,0,-2.48,-0.37,9.45,0,0,2.42,-14.16,0,16.5,0,0,0,0,0,0,11.72,1
146,0,2.28,-14.64,0,-2.45,-0.38,9.45,0,0,2.42,-14.17,0,16.5,0,0,0,0,0,0,11.76,1
147,0,2.28,-14.67,0,-2.46,-0.37,9.44,0,0,2.43,-14.19,0,16.51,0,0,0,0,0,0,11.68,1
148,0,2.28,-14.67,0,-2.45,-0.37,9.46,0,0,2.42,-14.2,0,16.51,0,0,0,0,0,0,11.87,1
149.01,0,2.25,-14.66,0,-2.46,-0.36,9.46,0,0,2.39,-14.18,0,16.51,0,0,0,0,0,0,11.68,1
150.01,0,2.27,-14.65,0,-2.46,-0.38,9.45,0,0,2.41,-14.17,0,16.52,0,0,0,0,0,0,11.9,1
151.01,0,2.29,-14.66,0,-2.46,-0.38,9.46,0,0,2.43,-14.19,0,16.52,0,0,0,0,0,0,11.68,1
152.01,0,2.28,-14.67,0,-2.47,-0.38,9.46,0,0,2.43,-14.19,0,16.52,0,0,0,0,0,0,12.09,1
153.02,0,2.27,-14.67,0,-2.47,-0.37,9.47,0,0,2.41,-14.19,0,16.52,0,0,0,0,0,0,11.76,1
154.02,0,2.27,-14.66,0,-2.45,-0.38,9.46,0,0,2.41,-14.18,0,16.53,0,0,0,0,0,0,11.68,1
155.02,0,2.28,-14.66,0,-2.48,-0.38,9.44,0,0,2.43,-14.18,0,16.53,0,0,0,0,0,0,11.72,1
156.02,0,2.28,-14.67,0,-2.47,-0.37,9.43,0,0,2.42,-14.19,0,16.54,0,0,0,0,0,0,11.76,1
157.03,0,2.27,-14.68,0,-2.44,-0.39,9.44,0,0,2.42,-14.2,0,16.54,0,0,0,0,0,0,11.76,1
158.03,0,2.28,-14.67,0,-2.48,-0.38,9.44,0,0,2.43,-14.19,0,16.54,0,0,0,0,0,0,11.79,1
159.04,0,2.27,-14.67,0,-2.46,-0.37,9.44,0,0,2.42,-14.19,0,16.55,0,0,0,0,0,0,11.72,1
160.04,0,2.28,-14.68,0,-2.49,-0.37,9.44,0,0,2.42,-14.2,0,16.55,0,0,0,0,0,0,11.58,1
161.04,0,2.27,-14.66,0,-2.48,-0.38,9.44,0,0,2.42,-14.19,0,16.55,0,0,0,0,0,0,11.87,1
162.05,0,2.27,-14.67,0,-2.49,-0.37,9.45,0,0,2.41,-14.19,0,16.56,0,0,0,0,0,0,11.83,1
163.05,0,2.28,-14.68,0,-2.48,-0.38,9.45,0,0,2.42,-14.2,0,16.56,0,0,0,0,0,0,11.9,1
164.05,0,2.26,-14.64,0,-2.49,-0.38,9.44,0,0,2.4,-14.17,0,16.56,0,0,0,0,0,0,11.9,1
165.05,0,2.27,-14.67,0,-2.5,-0.39,9.46,0,0,2.42,-14.19,0,16.56,0,0,0,0,0,0,11.94,1
166.05,0,2.28,-14.67,0,-2.49,-0.36,9.43,0,0,2.43,-14.19,0,16.57,0,0,0,0,0,0,11.9,1
167.06,0,2.27,-14.64,0,-2.5,-0.4,9.45,0,0,2.41,-14.17,0,16.57,0,0,0,0,0,0,11.87,1
168.06,0,2.27,-14.67,0,-2.45,-0.36,9.44,0,0,2.42,-14.19,0,16.57,0,0,0,0,0,0,11.87,1
169.06,0,2.26,-14.68,0,-2.48,-0.36,9.45,0,0,2.41,-14.2,0,16.57,0,0,0,0,0,0,11.87,1
170.07,0,2.26,-14.67,0,-2.44,-0.39,9.46,0,0,2.41,-14.19,0,16.58,0,0,0,0,0,0,11.72,1
171.07,0,2.27,-14.66,0,-2.45,-0.4,9.44,0,0,2.41,-14.18,0,16.59,0,0,0,0,0,0,11.58,1
172.08,0,2.28,-14.66,0,-2.45,-0.39,9.45,0,0,2.42,-14.18,0,16.59,0,0,0,0,0,0,11.83,1
173.08,0,2.26,-14.66,0,-2.52,-0.43,9.42,0,0,2.41,-14.18,0,16.6,0,0,0,0,0,0,12.01,1
174.08,0,2.26,-14.65,0,-2.48,-0.38,9.44,0,0,2.4,-14.17,0,16.6,0,0,0,0,0,0,11.76,1
175.09,0,2.27,-14.65,0,-2.5,-0.39,9.43,0,0,2.41,-14.18,0,16.6,0,0,0,0,0,0,11.68,1
176.09,0,2.26,-14.68,0,-2.47,-0.37,9.45,0,0,2.41,-14.21,0,16.6,0,0,0,0,0,0,11.76,1
177.1,0,2.27,-14.69,0,-2.51,-0.38,9.4,0,0,2.41,-14.21,0,16.61,0,0,0,0,0,0,11.76,1
178.11,0,2.27,-14.67,0,-2.42,-0.35,9.49,0,0,2.42,-14.2,0,16.62,0,0,0,0,0,0,11.79,1
179.11,0,2.3,-14.67,0,-2.48,-0.38,9.42,0,0,2.45,-14.2,0,16.62,0,0,0,0,0,0,11.87,1
180.11,0,2.3,-14.68,0,-2.44,-0.38,9.46,0,0,2.45,-14.2,0,16.62,0,0,0,0,0,0,11.68,1
181.11,0,2.28,-14.67,0,-2.49,-0.37,9.44,0,0,2.43,-14.2,0,16.63,0,0,0,0,0,0,11.79,1
182.12,0,2.26,-14.67,0,-2.51,-0.41,9.43,0,0,2.41,-14.2,0,16.63,0,0,0,0,0,0,11.94,1
183.12,0,2.27,-14.68,0,-2.47,-0.36,9.43,0,0,2.42,-14.2,0,16.63,0,0,0,0,0,0,11.98,1
184.12,0,2.27,-14.67,0,-2.43,-0.38,9.45,0,0,2.41,-14.2,0,16.64,0,0,0,0,0,0,11.79,1
185.12,0,2.25,-14.65,0,-2.48,-0.38,9.45,0,0,2.39,-14.18,0,16.64,0,0,0,0,0,0,11.9,1
186.13,0,2.26,-14.66,0,-2.48,-0.36,9.45,0,0,2.41,-14.19,0,16.64,0,0,0,0,0,0,11.68,1
187.13,0,2.25,-14.67,0,-2.44,-0.33,9.44,0,0,2.4,-14.19,0,16.64,0,0,0,0,0,0,11.9,1
188.13,0,2.26,-14.67,0,-2.47,-0.36,9.45,0,0,2.41,-14.19,0,16.64,0,0,0,0,0,0,11.87,1
189.13,0,2.26,-14.65,0,-2.43,-0.36,9.46,0,0,2.41,-14.18,0,16.65,0,0,0,0,0,0,11.87,1
190.14,0,2.26,-14.65,0,-2.45,-0.37,9.46,0,0,2.4,-14.17,0,16.65,0,0,0,0,0,0,11.9,1
191.14,0,2.26,-14.69,0,-2.47,-0.39,9.44,0,0,2.4,-14.21,0,16.65,0,0,0,0,0,0,11.79,1
192.15,0,2.26,-14.64,0,-2.47,-0.39,9.45,0,0,2.4,-14.17,0,16.66,0,0,0,0,0,0,11.98,1
193.15,0,2.28,-14.65,0,-2.47,-0.39,9.45,0,0,2.42,-14.17,0,16.65,0,0,0,0,0,0,11.72,1
194.15,0,2.27,-14.66,0,-2.48,-0.38,9.44,0,0,2.41,-14.18,0,16.66,0,0,0,0,0,0,11.72,1
195.15,0,2.27,-14.67,0,-2.48,-0.38,9.46,0,0,2.42,-14.19,0,16.67,0,0,0,0,0,0,11.87,1
196.15,0,2.26,-14.67,0,-2.53,-0.39,9.41,0,0,2.4,-14.19,0,16.66,0,0,0,0,0,0,11.94,1
197.16,0,2.26,-14.65,0,-2.45,-0.39,9.44,0,0,2.4,-14.18,0,16.67,0,0,0,0,0,0,11.98,1
198.16,0,2.26,-14.66,0,-2.49,-0.37,9.44,0,0,2.4,-14.18,0,16.67,0,0,0,0,0,0,11.83,1
199.16,0,2.23,-14.64,0,-2.48,-0.35,9.46,0,0,2.37,-14.17,0,16.67,0,0,0,0,0,0,11.61,1
200.17,0,2.25,-14.65,0,-2.46,-0.38,9.44,0,0,2.4,-14.17,0,16.67,0,0,0,0,0,0,11.79,1
201.17,0,2.24,-14.64,0,-2.46,-0.37,9.45,0,0,2.39,-14.17,0,16.67,0,0,0,0,0,0,11.94,1
202.18,0,2.26,-14.67,0,-2.47,-0.35,9.44,0,0,2.41,-14.2,0,16.68,0,0,0,0,0,0,11.87,1
203.18,0,2.28,-14.7,0,-2.48,-0.37,9.45,0,0,2.43,-14.22,0,16.68,0,0,0,0,0,0,11.54,1
204.18,0,2.28,-14.7,0,-2.46,-0.39,9.44,0,0,2.43,-14.22,0,16.69,0,0,0,0,0,0,11.87,1
205.19,0,2.28,-14.66,0,-2.49,-0.38,9.46,0,0,2.42,-14.18,0,16.68,0,0,0,0,0,0,11.87,1
206.19,0,2.27,-14.65,0,-2.47,-0.37,9.45,0,0,2.41,-14.18,0,16.69,0,0,0,0,0,0,11.68,1
207.19,0,2.26,-14.66,0,-2.49,-0.37,9.45,0,0,2.41,-14.18,0,16.68,0,0,0,0,0,0,11.79,1
208.2,0,2.24,-14.66,0,-2.47,-0.39,9.44,0,0,2.39,-14.19,0,16.69,0,0,0,0,0,0,11.72,1
209.2,0,2.27,-14.67,0,-2.48,-0.38,9.46,0,0,2.41,-14.19,0,16.69,0,0,0,0,0,0,11.83,1
210.21,0,2.27,-14.68,0,-2.47,-0.37,9.46,0,0,2.42,-14.2,0,16.7,0,0,0,0,0,0,11.79,1
211.21,0,2.28,-14.68,0,-2.46,-0.36,9.45,0,0,2.42,-14.2,0,16.7,0,0,0,0,0,0,11.87,1
212.21,0,2.26,-14.67,0,-2.43,-0.35,9.46,0,0,2.41,-14.19,0,16.7,0,0,0,0,0,0,11.68,1
213.21,0,2.25,-14.65,0,-2.47,-0.36,9.44,0,0,2.39,-14.17,0,16.7,0,0,0,0,0,0,11.65,1
214.22,0,2.27,-14.66,0,-2.47,-0.37,9.46,0,0,2.41,-14.18,0,16.7,0,0,0,0,0,0,11.83,1
215.22,0,2.29,-14.68,0,-2.5,-0.39,9.44,0,0,2.44,-14.2,0,16.71,0,0,0,0,0,0,11.72,1
216.22,0,2.28,-14.67,0,-2.51,-0.41,9.43,0,0,2.42,-14.19,0,16.71,0,0,0,0,0,0,11.72,1
217.23,0,2.26,-14.65,0,-2.5,-0.37,9.44,0,0,2.41,-14.18,0,16.72,0,0,0,0,0,0,11.83,1
218.23,0,2.28,-14.66,0,-2.5,-0.38,9.44,0,0,2.43,-14.18,0,16.72,0,0,0,0,0,0,11.9,1
219.23,0,2.25,-14.65,0,-2.49,-0.37,9.46,0,0,2.4,-14.17,0,16.72,0,0,0,0,0,0,11.76,1
220.24,0,2.24,-14.64,0,-2.49,-0.4,9.47,0,0,2.38,-14.17,0,16.73,0,0,0,0,0,0,11.87,1
221.24,0,2.27,-14.66,0,-2.52,-0.41,9.42,0,0,2.42,-14.19,0,16.73,0,0,0,0,0,0,11.76,1
222.25,0,2.3,-14.69,0,-2.48,-0.38,9.45,0,0,2.44,-14.21,0,16.73,0,0,0,0,0,0,11.72,1
223.25,0,2.27,-14.67,0,-2.47,-0.4,9.44,0,0,2.42,-14.19,0,16.73,0,0,0,0,0,0,11.72,1
224.25,0,2.27,-14.68,0,-2.48,-0.36,9.45,0,0,2.41,-14.2,0,16.73,0,0,0,0,0,0,11.83,1
225.25,0,2.26,-14.67,0,-2.5,-0.35,9.44,0,0,2.4,-14.19,0,16.73,0,0,0,0,0,0,11.65,1
226.25,0,2.26,-14.68,0,-2.48,-0.38,9.45,0,0,2.41,-14.2,0,16.73,0,0,0,0,0,0,11.9,1
227.26,0,2.27,-14.67,0,-2.46,-0.37,9.44,0,0,2.42,-14.2,0,16.74,0,0,0,0,0,0,11.83,1
228.26,0,2.25,-14.64,0,-2.48,-0.33,9.46,0,0,2.4,-14.17,0,16.73,0,0,0,0,0,0,11.79,1
229.26,0,2.27,-14.64,0,-2.44,-0.38,9.46,0,0,2.42,-14.17,0,16.74,0,0,0,0,0,0,11.76,1
230.26,0,2.28,-14.67,0,-2.48,-0.4,9.42,0,0,2.42,-14.19,0,16.74,0,0,0,0,0,0,11.76,1
231.27,0,2.27,-14.67,0,-2.48,-0.37,9.43,0,0,2.42,-14.19,0,16.74,0,0,0,0,0,0,11.83,1
232.27,0,2.27,-14.68,0,-2.42,-0.38,9.46,0,0,2.41,-14.2,0,16.75,0,0,0,0,0,0,11.87,1
233.28,0,2.26,-14.65,0,-2.47,-0.37,9.44,0,0,2.4,-14.17,0,16.74,0,0,0,0,0,0,11.87,1
234.28,0,2.27,-14.68,0,-2.52,-0.36,9.41,0,0,2.41,-14.2,0,16.75,0,0,0,0,0,0,11.76,1
235.28,0,2.28,-14.69,0,-2.49,-0.42,9.42,0,0,2.43,-14.21,0,16.75,0,0,0,0,0,0,11.79,1
236.29,0,2.28,-14.68,0,-2.48,-0.35,9.44,0,0,2.43,-14.2,0,16.76,0,0,0,0,0,0,11.79,1
237.29,0,2.25,-14.66,0,-2.49,-0.35,9.44,0,0,2.4,-14.18,0,16.75,0,0,0,0,0,0,12.01,1
238.29,0,2.25,-14.67,0,-2.47,-0.38,9.46,0,0,2.4,-14.2,0,16.75,0,0,0,0,0,0,11.58,1
239.3,0,2.27,-14.68,0,-2.46,-0.36,9.46,0,0,2.42,-14.2,0,16.75,0,0,0,0,0,0,11.87,1
240.3,0,2.28,-14.69,0,-2.5,-0.39,9.45,0,0,2.42,-14.21,0,16.76,0,0,0,0,0,0,11.83,1
241.3,0,2.26,-14.68,0,-2.47,-0.37,9.45,0,0,2.41,-14.21,0,16.76,0,0,0,0,0,0,11.83,1
242.3,0,2.27,-14.71,0,-2.47,-0.38,9.44,0,0,2.42,-14.23,0,16.76,0,0,0,0,0,0,11.68,1
243.31,0,2.26,-14.68,0,-2.46,-0.36,9.45,0,0,2.41,-14.2,0,16.76,0,0,0,0,0,0,11.76,1
244.31,0,2.3,-14.68,0,-2.48,-0.4,9.45,0,0,2.45,-14.2,0,16.75,0,0,0,0,0,0,11.9,1
245.31,0,2.28,-14.68,0,-2.49,-0.4,9.43,0,0,2.43,-14.2,0,16.76,0,0,0,0,0,0,11.98,1
246.32,0,2.33,-14.69,0,-2.43,-0.37,9.45,0,0,2.48,-14.21,0,16.76,0,0,0,0,0,0,11.87,1
247.32,0,2.32,-14.68,0,-2.48,-0.39,9.44,0,0,2.47,-14.2,0,16.76,0,0,0,0,0,0,11.68,1
248.32,0,2.28,-14.69,0,-2.47,-0.41,9.43,0,0,2.42,-14.21,0,16.76,0,0,0,0,0,0,11.9,1
249.32,0,2.27,-14.71,0,-2.45,-0.34,9.45,0,0,2.41,-14.23,0,16.75,0,0,0,0,0,0,11.79,1
250.33,0,2.26,-14.68,0,-2.49,-0.36,9.45,0,0,2.41,-14.2,0,16.75,0,0,0,0,0,0,11.65,1
251.33,0,2.24,-14.67,0,-2.44,-0.39,9.43,0,0,2.38,-14.19,0,16.76,0,0,0,0,0,0,11.76,1
252.33,0,2.26,-14.7,0,-2.46,-0.37,9.44,0,0,2.41,-14.22,0,16.76,0,0,0,0,0,0,11.72,1
253.34,0,2.27,-14.66,0,-2.43,-0.35,9.47,0,0,2.41,-14.19,0,16.77,0,0,0,0,0,0,11.87,1
254.34,0,2.28,-14.68,0,-2.47,-0.4,9.46,0,0,2.42,-14.2,0,16.76,0,0,0,0,0,0,11.76,1
255.34,0,2.27,-14.66,0,-2.46,-0.37,9.43,0,0,2.41,-14.19,0,16.76,0,0,0,0,0,0,11.61,1
256.34,0,2.26,-14.67,0,-2.47,-0.36,9.46,0,0,2.41,-14.19,0,16.77,0,0,0,0,0,0,11.79,1
257.34,0,2.27,-14.68,0,-2.46,-0.4,9.44,0,0,2.41,-14.2,0,16.77,0,0,0,0,0,0,11.76,1
258.35,0,2.27,-14.7,0,-2.48,-0.38,9.45,0,0,2.41,-14.22,0,16.77,0,0,0,0,0,0,11.72,1
259.35,0,2.27,-14.68,0,-2.47,-0.35,9.45,0,0,2.41,-14.2,0,16.77,0,0,0,0,0,0,11.68,1
260.35,0,2.27,-14.67,0,-2.45,-0.37,9.44,0,0,2.42,-14.19,0,16.77,0,0,0,0,0,0,11.72,1
261.35,0,2.28,-14.66,0,-2.48,-0.38,9.46,0,0,2.43,-14.19,0,16.77,0,0,0,0,0,0,11.79,1
262.35,0,2.27,-14.69,0,-2.47,-0.37,9.45,0,0,2.42,-14.21,0,16.77,0,0,0,0,0,0,11.68,1
263.36,0,2.27,-14.71,0,-2.47,-0.38,9.44,0,0,2.42,-14.22,0,16.78,0,0,0,0,0,0,11.76,1
264.36,0,2.27,-14.71,0,-2.5,-0.39,9.45,0,0,2.41,-14.22,0,16.78,0,0,0,0,0,0,11.65,1
265.36,0,2.27,-14.72,0,-2.47,-0.35,9.44,0,0,2.41,-14.24,0,16.78,0,0,0,0,0,0,11.79,1
266.36,0,2.26,-14.69,0,-2.48,-0.37,9.46,0,0,2.4,-14.21,0,16.77,0,0,0,0,0,0,11.9,1
267.37,0,2.28,-14.7,0,-2.45,-0.39,9.46,0,0,2.42,-14.22,0,16.78,0,0,0,0,0,0,11.65,1
268.37,0,2.27,-14.68,0,-2.48,-0.37,9.44,0,0,2.41,-14.2,0,16.78,0,0,0,0,0,0,11.68,1
269.37,0,2.25,-14.69,0,-2.49,-0.35,9.45,0,0,2.39,-14.21,0,16.78,0,0,0,0,0,0,11.83,1
270.37,0,2.24,-14.69,0,-2.46,-0.37,9.44,0,0,2.38,-14.21,0,16.79,0,0,0,0,0,0,11.83,1
271.38,0,2.27,-14.69,0,-2.49,-0.38,9.45,0,0,2.42,-14.21,0,16.79,0,0,0,0,0,0,11.72,1
272.38,0,2.27,-14.68,0,-2.45,-0.35,9.45,0,0,2.42,-14.2,0,16.78,0,0,0,0,0,0,11.79,1
273.38,0,2.27,-14.71,0,-2.48,-0.37,9.45,0,0,2.42,-14.23,0,16.79,0,0,0,0,0,0,11.72,1
274.38,0,2.26,-14.72,0,-2.48,-0.4,9.44,0,0,2.41,-14.23,0,16.79,0,0,0,0,0,0,11.79,1
275.38,0,2.26,-14.7,0,-2.47,-0.38,9.44,0,0,2.41,-14.22,0,16.79,0,0,0,0,0,0,11.72,1
276.39,0,2.26,-14.67,0,-2.48,-0.38,9.45,0,0,2.4,-14.19,0,16.79,0,0,0,0,0,0,11.79,1
277.39,0,2.26,-14.67,0,-2.47,-0.38,9.46,0,0,2.41,-14.19,0,16.79,0,0,0,0,0,0,11.61,1
278.39,0,2.28,-14.69,0,-2.48,-0.37,9.44,0,0,2.43,-14.21,0,16.79,0,0,0,0,0,0,11.87,1
279.39,0,2.27,-14.69,0,-2.45,-0.36,9.45,0,0,2.41,-14.21,0,16.79,0,0,0,0,0,0,11.9,1
280.39,0,2.27,-14.68,0,-2.46,-0.38,9.45,0,0,2.42,-14.2,0,16.79,0,0,0,0,0,0,11.72,1
281.4,0,2.28,-14.69,0,-2.48,-0.37,9.46,0,0,2.43,-14.21,0,16.79,0,0,0,0,0,0,11.65,1
282.4,0,2.26,-14.7,0,-2.49,-0.37,9.45,0,0,2.41,-14.22,0,16.8,0,0,0,0,0,0,11.87,1
283.41,0,2.24,-14.72,0,-2.47,-0.39,9.45,0,0,2.39,-14.24,0,16.79,0,0,0,0,0,0,11.79,1
284.41,0,2.26,-14.7,0,-2.49,-0.39,9.45,0,0,2.4,-14.22,0,16.81,0,0,0,0,0,0,11.72,1
285.41,0,2.27,-14.72,0,-2.46,-0.37,9.44,0,0,2.41,-14.24,0,16.8,0,0,0,0,0,0,11.65,1
286.42,0,2.25,-14.7,0,-2.49,-0.35,9.46,0,0,2.39,-14.22,0,16.8,0,0,0,0,0,0,11.76,1
287.42,0,2.26,-14.73,0,-2.43,-0.41,9.44,0,0,2.41,-14.25,0,16.81,0,0,0,0,0,0,11.9,1
288.43,0,2.26,-14.7,0,-2.5,-0.38,9.45,0,0,2.41,-14.22,0,16.8,0,0,0,0,0,0,11.94,1
289.43,0,2.27,-14.7,0,-2.48,-0.37,9.44,0,0,2.42,-14.22,0,16.81,0,0,0,0,0,0,11.79,1
289.91,0,2.22,-14.49,0,-2.58,0.92,15.71,0,0,2.36,-14.03,0,16.8,0,0,0,0,0,0,11.79,2
289.95,0.03,2.28,-14.43,0.26,-2.79,-2.04,17.46,-0.17,-0.09,2.43,-14.02,0,16.8,0.72,0,0,0,0,0,11.65,2
289.97,0.05,2.47,-14.41,0.81,-3.37,-0.06,20.39,-0.5,0.05,2.58,-14,0,16.8,0.72,0,0,0,0,0,11.83,2
290,0.08,2.63,-14.44,1.38,-3.79,-1.77,22.87,-0.64,0.24,2.73,-13.97,0,16.8,1.91,0,0,0,0,0,11.79,2
290.02,0.11,2.98,-14.75,2.24,-3.74,-0.42,26.7,-0.83,0.89,2.96,-13.91,0,16.8,1.91,0,0,0,0,0,11.61,2
290.05,0.13,3.32,-15.54,3.19,-4.66,-1.35,28.06,-0.91,1.77,3.22,-13.8,0,16.79,2.84,0,0,0,0,0,11.43,2
290.08,0.16,3.77,-16.7,4.42,-4.05,-1.13,29.15,-1.66,4.48,3.51,-13.67,0,16.79,2.84,0,0,0,0,0,11.58,2
290.1,0.19,3.96,-17.57,4.66,-3.07,-1.58,29.21,-1.32,5,3.64,-13.56,0,16.79,2.25,0,0,0,0,0,11.61,2
290.13,0.21,4.37,-19.75,4.82,1.4,-0.95,24.94,-1.35,5,3.73,-13.37,0,16.79,2.25,0,0,0,0,0,11.76,2
290.16,0.24,4.64,-20.67,4.91,2.83,-0.44,22.9,-1.36,5,3.78,-13.28,0,16.76,2.84,0,0,0,0,0,11.5,2
290.18,0.26,5.28,-21.91,5.64,3.42,-0.42,21,-2.08,5,4.02,-13.11,0,16.76,2.84,0,0,0,0,0,11.65,2
290.21,0.29,5.83,-22.37,6.52,3.34,-0.53,20.2,-2.71,4.82,4.28,-13,0,16.74,4.44,0,0,0,0,0,11.83,2
290.23,0.32,6.71,-22.17,7.86,3.16,-0.47,19.45,-3.02,2.44,4.66,-12.9,0,16.74,4.44,0,0,0,0,0,11.68,2
290.26,0.34,7.37,-21.76,9.11,3.05,-0.21,18.98,-3.53,1.01,4.82,-12.87,0,16.72,2.25,0,0,0,0,0,11.61,2
290.29,0.37,8.46,-20.68,11.55,2.36,0.5,18.26,-3.97,-0.27,5.61,-12.69,0,16.72,2.25,0,0,0,0,0,11.54,2
290.31,0.4,9.13,-19.56,13.44,1.91,0.36,18.27,-3.75,-2.2,6.06,-12.59,0,16.69,3.94,0,0,0,0,0,11.47,2
290.34,0.42,10.01,-17.15,17.25,-0.05,0.72,17.95,-3.61,-4.81,6.91,-12.35,0,16.69,3.94,0,0,0,0,0,11.61,2
290.37,0.45,10.34,-15.54,19.89,-1.17,0.95,17.74,-2.38,-5,7.46,-12.14,0,16.67,5.04,0,0,0,0,0,11.61,2
290.39,0.48,10.51,-12.88,24.61,-2.88,0.6,17.5,-1.38,-5,8.26,-11.76,0,16.67,5.04,0,0,0,0,0,11.65,2
290.42,0.5,10.29,-11.51,27.71,-3.66,0.75,17.51,0.2,-5,8.85,-11.4,0,16.65,5.8,0,0,0,0,0,11.68,2
290.45,0.53,9.55,-9.87,32.44,-4.19,0.01,17.04,1.21,-3.59,9.85,-10.65,0,16.65,5.8,0,0,0,0,0,11.65,2
290.47,0.55,9.09,-9.43,34.6,-4.1,-0.79,16.98,2.62,-2.42,10.11,-10.42,0,16.63,4.7,0,0,0,0,0,11.61,2
290.5,0.58,7.9,-8.95,39.26,-4.26,-1.74,16.72,3.9,-1.08,11,-9.49,0,16.63,4.7,0,0,0,0,0,11.54,2
290.52,0.61,7.22,-9.24,41.95,-3.93,-2.19,16.68,3.78,1.68,11.21,-9.23,0,16.62,7.32,0,0,0,0,0,11.65,2
290.55,0.63,6.33,-10.34,45.61,-2.69,-3.32,16.63,3.45,3.67,11.93,-8.18,0,16.62,7.32,0,0,0,0,0,11.36,2
290.57,0.66,6.07,-10.96,47.11,-2.42,-3.25,16.49,3.11,4.83,12.06,-7.95,0,16.6,6.47,0,0,0,0,0,11.61,2
290.6,0.68,5.7,-12.9,49.82,-0.35,-3.58,16.41,2.83,5,12.42,-7.17,0,16.6,6.47,0,0,0,0,0,11.76,2
290.63,0.71,5.74,-14.19,51.21,0.67,-3.38,16.34,1.68,5,12.55,-6.8,0,16.59,5.46,0,0,0,0,0,11.65,2
290.65,0.74,6.21,-16.03,52.77,2.03,-3.19,16.02,0.72,5,12.65,-6.45,0,16.59,5.46,0,0,0,0,0,11.65,2
290.68,0.76,6.59,-16.97,53.36,2.12,-3.15,15.89,-0.12,5,12.71,-6.16,0,16.57,5.8,0,0,0,0,0,12.01,2
290.7,0.79,7.55,-18.2,54.34,2.29,-2.72,15.63,-0.57,5,12.79,-5.83,0,16.57,5.8,0,0,0,0,0,11.72,2
290.73,0.81,8.09,-18.57,54.67,2.23,-2.39,15.7,-1.47,5,12.84,-5.66,0,16.56,8,0,0,0,0,0,11.76,2
290.75,0.84,9.57,-18.71,55.54,2.48,-1.68,15.67,-3.1,5,12.97,-5.35,0,16.56,8,0,0,0,0,0,11.65,2
290.78,0.87,10.54,-18.59,56.13,2.43,-1.12,15.55,-3.09,4.38,13.06,-5.18,0,16.56,7.23,0,0,0,0,0,11.76,2
290.81,0.89,12.25,-17.79,57.34,2.46,0.03,15.47,-3.5,3.25,13.29,-4.82,0,16.56,7.23,0,0,0,0,0,11.68,2
290.83,0.92,12.98,-17.21,57.99,2.57,0.21,15.43,-3.71,1.82,13.35,-4.73,0,16.54,8.42,0,0,0,0,0,11.68,2
290.86,0.94,14.57,-15.2,60.2,2.11,0.58,15.39,-3.77,0.08,13.67,-4.25,0,16.54,8.42,0,0,0,0,0,11.72,2
290.88,0.97,15.19,-14.03,61.41,1.75,0.69,15.72,-3.58,-1.82,13.76,-4.11,0,16.54,9.18,0,0,0,0,0,11.79,2
290.91,0.99,16.38,-10.84,65.09,0.28,0.51,15.81,-3.22,-3.68,14.12,-3.36,0,16.54,9.18,0,0,0,0,0,11.61,2
290.93,1.02,16.7,-9.22,66.95,-0.04,0.75,15.74,-2.5,-5,14.21,-3.14,0,16.53,10.03,0,0,0,0,0,11.58,2
290.96,1.04,16.88,-5.48,71.61,-1.96,0.48,15.43,-1,-5,14.48,-2.15,0,16.53,10.03,0,0,0,0,0,11.65,2
290.98,1.07,16.77,-3.83,73.61,-2.88,0.41,15.32,0.07,-5,14.52,-1.9,0,16.52,9.35,0,0,0,0,0,11.61,2
291.01,1.09,15.96,-0.29,78.89,-4.3,0.01,15.16,1.52,-5,14.62,-0.67,0,16.52,9.35,0,0,0,0,0,11.83,2
291.03,1.12,15.37,0.91,81.25,-4.27,-0.26,15.01,3.06,-5,14.63,-0.32,0,16.51,11.97,0,0,0,0,0,11.83,2
291.06,1.14,13.7,2.99,86.21,-4.54,-1.63,15.21,4.25,-3.81,14.56,1.02,0,16.51,11.97,0,0,0,0,0,11.47,2
291.08,1.17,12.93,3.57,88.17,-4.22,-2.07,15.27,5,-2.15,14.52,1.34,0,16.51,12.56,0,0,0,0,0,11.54,2
291.11,1.19,11.2,4.03,92.24,-4.59,-3.07,14.87,5,-0.01,14.35,2.55,0,16.51,12.56,0,0,0,0,0,11.58,2
291.13,1.22,10.56,3.88,93.88,-4.3,-3.85,14.78,4.99,2.3,14.3,2.85,0,16.51,12.9,0,0,0,0,0,11.68,2
291.16,1.24,9.54,2.97,96.45,-3.07,-4.07,15.04,4.09,4.22,14.13,3.68,0,16.51,12.9,0,0,0,0,0,11.36,2
291.18,1.27,9.28,2.29,97.36,-2.71,-3.96,15.03,3.27,5,14.09,3.86,0,16.5,12.73,0,0,0,0,0,11.61,2
291.21,1.29,9.07,0.35,98.87,-1.52,-3.84,14.87,2.34,5,13.97,4.39,0,16.5,12.73,0,0,0,0,0,11.39,2
291.24,1.32,9.18,-0.84,99.35,0.13,-3.68,14.72,1.27,5,13.92,4.55,0,16.5,14.09,0,0,0,0,0,11.54,2
291.26,1.34,9.7,-2.56,100.22,1.63,-3.46,14.52,0.1,5,13.82,4.83,0,16.5,14.09,0,0,0,0,0,11.68,2
291.29,1.37,10.16,-3.5,100.35,2.19,-3.13,14.31,-0.47,5,13.81,4.87,0,16.48,15.53,0,0,0,0,0,11.79,2
291.31,1.4,11.09,-4.63,100.48,2.2,-2.57,14.19,-1.35,5,13.75,4.99,0,16.48,15.53,0,0,0,0,0,11.76,2
291.34,1.42,11.77,-5.13,100.54,2.5,-1.97,14.07,-1.82,5,13.74,5.02,0,16.47,15.19,0,0,0,0,0,11.5,2
291.36,1.45,12.96,-5.59,100.8,2.55,-1.37,14.02,-1.93,5,13.71,5.09,0,16.47,15.19,0,0,0,0,0,11.72,2
291.39,1.47,13.51,-5.61,101.09,2.6,-0.86,14.25,-2.5,5,13.67,5.2,0,16.47,15.36,0,0,0,0,0,11.79,2
291.41,1.5,14.68,-5.3,101.62,2.47,-0.68,14.12,-3.08,4.75,13.62,5.34,1,16.47,15.36,0,0,0,0,0,11.61,2
291.44,1.53,15.31,-4.88,102.15,2.6,-0.47,14.16,-2.7,3.4,13.2,4.87,1,16.46,17.56,0,0,0,0,0,11.65,2
291.47,1.55,16.3,-3.29,104.1,2.57,-0.05,14.14,-2.77,1.45,12.53,4.33,1,16.46,17.56,0,0,0,0,0,11.87,2
291.49,1.58,16.63,-2.44,105.03,2.48,0.01,14.17,-2.62,-0.27,12.32,4.13,1,16.46,19.17,0,0,0,0,0,11.72,2
291.52,1.6,17.1,0.45,108.28,1.74,0.08,13.98,-2.3,-4.31,11.62,3.81,1,16.46,19.17,0,0,0,0,0,11.54,2
291.55,1.63,17.1,2.34,110.56,0.65,-0.01,14.05,-1.31,-4.64,11.02,3.98,1,16.45,18.74,1,0,0,0,0,11.65,2
291.57,1.66,16.61,5.75,114.58,-0.82,-0.19,14.29,0.03,-5,10.06,4.26,1,16.45,18.74,1,0,0,0,0,11.9,2
291.6,1.68,16.03,7.79,117.2,-2.3,-0.72,13.99,0.95,-5,9.41,4.39,1,16.44,18.4,1,0,0,0,0,11.76,2
291.62,1.71,14.71,10.74,121.03,-3.98,-1.17,14.21,2.39,-5,8.43,4.53,1,16.44,18.4,1,0,0,0,0,11.68,2
291.65,1.73,13.72,12.22,123.32,-4.34,-1.57,13.89,2.83,-5,7.79,4.56,1,16.43,19.34,1,0,0,0,0,11.76,2
291.68,1.76,11.99,14.04,126.73,-4.26,-2.63,13.9,2.9,-4.16,6.85,4.57,1,16.43,19.34,1,0,0,0,0,11.76,2
291.7,1.79,10.58,14.78,129.45,-4.14,-3.21,13.66,3.23,-3.05,6.19,4.61,1,16.43,19.25,1,0,0,0,0,11.79,2
291.73,1.81,9.51,15.13,131.44,-4.97,-3.29,13.85,3.6,-1.82,5.66,4.5,1,16.43,19.25,1,0,0,0,0,11.58,2
291.75,1.84,9.01,15.1,132.43,-4.34,-3.58,13.97,2.04,-0.43,5.16,4.33,1,16.42,22.3,1,0,0,0,0,11.65,2
291.78,1.86,8.34,14.1,133.98,-2.82,-3.96,14,1.06,2.7,4.5,4.03,1,16.42,22.3,1,0,0,0,0,11.76,2
291.81,1.89,8.15,13.25,134.81,-2.61,-3.91,14.07,-0.17,3.35,4.09,3.8,1,16.41,22.64,1,0,0,0,0,11.61,2
291.83,1.92,8.33,11.26,135.7,-0.91,-3.65,13.91,-1.51,4.82,3.51,3.39,1,16.41,22.64,1,0,0,0,0,11.68,2
291.86,1.94,8.51,10.39,136.16,-0.24,-3.5,14.02,-2.4,5,3.32,3.25,1,16.4,22.47,1,0,0,0,0,11.61,2
291.88,1.97,9.32,8.35,136.71,1.97,-1.95,13.89,-4.11,5,2.77,2.8,1,16.4,22.47,1,0,0,0,0,11.5,2
291.91,1.99,9.83,7.19,137.06,2.53,-1.78,13.77,-4.26,5,2.4,2.47,1,16.39,24.76,1,0,0,0,0,11.47,2
291.94,2.02,10.66,5.8,137.84,3.03,-0.45,13.76,-4.47,4.53,1.86,1.98,1,16.39,24.76,1,0,0,0,0,11.76,2
291.96,2.04,10.94,5.43,138.67,2.98,0.1,13.49,-4.49,3.56,1.67,1.81,1,16.39,26.54,1,0,0,0,0,11.61,2
291.99,2.07,11.31,4.88,140.26,2.83,0.84,13.38,-4.16,2.87,1.12,1.3,1,16.39,26.54,1,0,0,0,0,11.58,2
292.01,2.1,11.23,4.94,142.21,2.93,0.86,13.28,-3.02,0.87,0.94,1.13,1,16.37,26.2,1,0,0,0,0,11.83,2
292.04,2.12,10.9,5.14,144.84,2.27,0.87,13.64,-2.36,0.35,0.43,0.58,1,16.37,26.2,1,0,0,0,0,11.65,2
292.07,2.15,10.47,5.58,146.89,1.42,0.58,13.62,-1.67,-1.16,0.27,0.39,1,16.36,26.96,1,0,0,0,0,11.54,2
292.09,2.17,9.38,6.2,150.57,0.2,0.43,13.68,-0.16,-1.57,0,0,2,16.36,26.96,1,0,0,0,0,11.58,2
292.12,2.2,8.48,6.52,153.14,-0.31,0.13,13.51,0.61,-1.27,0,0,2,16.35,26.87,1,0,0,0,0,11.61,2
292.14,2.23,6.68,6.53,157.83,-0.78,-0.87,13.68,2.43,-0.14,0,0,2,16.35,26.87,1,0,0,0,0,11.39,2
292.17,2.26,5.54,6.31,160.73,-0.77,-1.58,13.59,2.39,0.93,0,0,2,16.34,28.99,1,0,0,0,0,11.39,2
292.2,2.28,3.75,5.4,165.75,-0.84,-2.31,13.55,3.15,2.74,0,0,2,16.34,28.99,1,0,0,0,0,11.61,2
292.23,2.31,2.83,4.37,168.79,-0.19,-2.91,13.64,2.16,4.48,0,0,2,16.33,31.71,1,0,0,0,0,11.5,2
292.25,2.33,1.78,2.43,173.97,1.28,-3.06,13.64,1.05,5,0,0,2,16.33,31.71,1,0,0,0,0,11.32,2
292.28,2.36,1.53,1.47,176.23,1.74,-2.97,13.7,0.21,5,0,0,2,16.32,33.91,1,0,0,0,0,11.61,2
292.3,2.38,1.43,-0.81,-100,3.75,-2.09,13.67,-1.11,5,0,0,2,16.32,33.91,0,0,0,0,0,11.47,2
292.33,2.41,1.65,-2.16,-100,4.11,-1.49,13.49,-2.38,5,0,0,2,16.31,36.11,0,0,0,0,0,11.83,2
292.35,2.44,2.52,-4.03,-100,4.32,-0.4,13.38,-4.18,5,0,0,2,16.31,36.11,0,0,0,0,0,11.68,2
292.38,2.47,3.28,-4.92,-100,4.33,0.06,13.33,-5,5,0,0,2,16.29,39.76,0,0,0,0,0,11.76,2
292.41,2.49,4.89,-6.04,-100,4.58,1.36,13.34,-5,5,0,0,2,16.29,39.76,0,0,0,0,0,11.5,2
292.44,2.52,5.96,-6.44,-100,4.17,2.92,12.92,-5,5,0,0,2,16.28,42.14,0,0,0,0,0,11.72,2
292.46,2.55,7.95,-6.57,-100,4.17,4.4,12.96,-5,4.14,0,0,2,16.28,42.14,0,0,0,0,0,11.76,2
292.49,2.57,8.81,-6.27,-100,4.2,4.39,12.88,-5,2.06,0,0,2,16.27,41.88,0,0,0,0,0,11.83,2
292.51,2.6,10.61,-4.72,-100,3.64,5.58,12.98,-5,-0.34,0,0,2,16.27,41.88,0,0,0,0,0,11.87,2
292.54,2.62,11.23,-3.79,-100,2.96,5.7,13.01,-5,-2.06,0,0,2,16.26,40.19,0,0,0,0,0,11.68,2
292.56,2.65,12.02,-1.35,-100,0.11,5.71,13.31,-5,-3.35,0,0,2,16.26,40.19,0,0,0,0,0,11.58,2
292.59,2.67,12.13,-0.22,-93.09,-0.57,5.59,13.17,-5,-4.41,0,0,2,16.24,36.79,0,0,0,0,0,11.72,2
292.61,2.7,11.78,2.16,-75.85,-3.71,5.2,13.11,-4.25,-4.46,0,0,2,16.24,36.79,0,0,0,0,0,11.72,2
292.64,2.72,11.47,2.95,-68.46,-4.43,5.49,13.3,-3.36,-3.65,0,0,2,16.23,36.71,0,0,0,0,0,11.87,2
292.66,2.75,10.74,4.06,-50.97,-5.61,4.24,12.56,-3.11,-2,0,0,2,16.23,36.71,0,0,0,0,0,11.47,2
292.69,2.77,10.51,4.3,-43.59,-4.87,3.29,9.59,-3.37,-1,0,0,2,16.22,35.78,0,0,0,0,0,11.76,2
292.71,2.8,10.53,4.45,-26.47,-2.36,0.97,1.24,-4.7,0.23,0,0,2,16.22,35.78,0,0,0,0,0,11.72,4
292.74,2.82,10.84,4.6,-19.13,-2,1.05,0.51,-4.7,0.23,0,0,2,16.21,32.89,0,0,0,0,0,11.76,4
292.76,2.85,12.16,5.68,-2.18,-2.79,0.22,0.06,-4.7,0.23,0,0,2,16.21,32.89,0,0,0,0,0,11.58,4
292.79,2.87,12.88,6.54,5.07,-2.66,0.43,0.07,-4.7,0.23,0,0,2,16.19,32.81,0,0,0,0,0,11.68,4
292.81,2.9,14.44,9.78,21.99,-1.91,1.01,0.12,-4.7,0.23,0,0,2,16.19,32.81,0,0,0,0,0,11.83,4
292.84,2.92,14.9,11.68,29.24,-2.39,0.66,0.24,-4.7,0.23,0,0,2,16.18,33.66,0,0,0,0,0,11.58,4
292.86,2.95,14.84,17.12,45.92,-3.47,0,0.36,-4.7,0.23,0,0,2,16.18,33.66,0,0,0,0,0,11.83,4
292.89,2.97,14.29,19.75,52.89,-3.64,-0.27,0.39,-4.7,0.23,0,0,2,16.17,34.76,0,0,0,0,0,11.76,4
292.91,3,11.65,25.92,67.82,-3.79,-1.72,0.53,-4.7,0.23,0,0,2,16.17,34.76,0,0,0,0,0,11.58,4
292.94,3.02,9.32,29.52,75.97,-4.02,-2.18,0.71,-4.7,0.23,0,0,2,16.17,35.44,0,0,0,0,0,11.87,4
292.96,3.05,4.1,35.23,88.05,-4.39,-1.52,0.93,-4.7,0.23,0,0,2,16.17,35.44,0,0,0,0,0,11.61,4
292.99,3.08,0.37,38.48,94.73,-4.32,-4.63,1.07,-4.7,0.23,0,0,2,16.16,36.28,0,0,0,0,0,11.65,4
293.02,3.1,-6.49,43.3,104.18,-5.11,-2.67,1.45,-4.7,0.23,0,0,2,16.16,36.28,0,0,0,0,0,11.68,4
293.04,3.13,-11.24,46.1,109.29,-4.63,-3.73,1.54,-4.7,0.23,0,0,2,16.16,36.37,0,0,0,0,0,12.01,4
293.07,3.15,-19.65,50.15,115.95,-4.75,-2.76,1.81,-4.7,0.23,0,0,2,16.16,36.37,0,0,0,0,0,11.72,4
293.1,3.18,-25.33,52.44,119.2,-5.21,-2.7,1.91,-4.7,0.23,0,0,2,16.15,34.5,0,0,0,0,0,11.87,4
293.12,3.21,-35.83,56.18,122.97,-5.41,-3.48,2.03,-4.7,0.23,0,0,2,16.15,34.5,0,0,0,0,0,11.76,4
293.15,3.23,-40.37,57.88,123.82,-4.88,-3.48,2.08,-4.7,0.23,0,0,2,16.14,34.67,0,0,0,0,0,11.83,4
293.17,3.26,-50.8,62.53,123.76,-2.44,-4.65,2.18,-4.7,0.23,0,0,2,16.14,34.67,0,0,0,0,0,11.65,4
293.2,3.28,-55.11,65.19,122.64,-1.86,-4.78,2.22,-4.7,0.23,0,0,2,16.14,34.5,0,0,0,0,0,11.5,4
293.22,3.31,-64.49,74.49,116.13,-0.98,-4.49,2.31,-4.7,0.23,0,0,2,16.14,34.5,0,0,0,0,0,11.54,4
293.25,3.33,-68.06,80.76,110.77,-0.83,-4.52,2.28,-4.7,0.23,0,0,2,16.14,33.32,0,0,0,0,0,11.68,4
293.27,3.36,-74.35,104.99,87.96,-0.31,-3.81,2.33,-4.7,0.23,0,0,2,16.14,33.32,0,0,0,0,0,11.65,4
293.3,3.38,-75.61,120.29,73.01,-0.1,-3.64,2.31,-4.7,0.23,0,0,2,16.13,34.16,0,0,0,0,0,11.65,4
293.32,3.41,-73.95,156.33,37.31,0.27,-3,2.28,-4.7,0.23,0,0,2,16.13,34.16,0,0,0,0,0,11.76,4
293.35,3.43,-71.7,167.42,26.16,0.35,-2.88,2.23,-4.7,0.23,0,0,2,16.12,35.01,0,0,0,0,0,11.9,4
293.37,3.46,-64.95,-100,10,0.42,-2.42,2.2,-4.7,0.23,0,0,2,16.12,35.01,0,0,0,0,0,11.76,4
293.4,3.48,-60.49,-100,4.09,0.55,-2.05,2.1,-4.7,0.23,0,0,2,16.11,36.2,0,0,0,0,0,11.79,4
293.43,3.51,-52.65,-100,-2.92,0.7,-1.67,2.03,-4.7,0.23,0,0,2,16.11,36.2,0,0,0,0,0,11.76,4
293.45,3.53,-49.15,-100,-5.33,0.66,-1.56,1.99,-4.7,0.23,0,0,2,16.1,35.69,0,0,0,0,0,11.9,4
293.48,3.56,-41.07,-100,-10.04,0.47,-1.27,1.9,-4.7,0.23,0,0,2,16.1,35.69,0,0,0,0,0,11.79,4
293.5,3.58,-37.64,-100,-11.84,0.36,-1.31,1.85,-4.7,0.23,0,0,2,16.09,36.2,0,0,0,0,0,11.76,4
293.53,3.61,-29.87,-100,-15.76,0.42,-0.89,1.8,-4.7,0.23,0,0,2,16.09,36.2,0,0,0,0,0,11.72,4
293.55,3.63,-26.6,-100,-17.4,0.38,-0.85,1.8,-4.7,0.23,0,0,2,16.08,36.03,0,0,0,0,0,11.72,4
293.58,3.66,-19.28,-100,-21.27,0.32,-0.49,1.77,-4.7,0.23,0,0,2,16.08,36.03,0,0,0,0,0,11.54,4
293.6,3.68,-16.24,-100,-22.99,0.25,-0.52,1.75,-4.7,0.23,0,0,2,16.07,36.54,0,0,0,0,0,11.83,4
293.63,3.71,-9.55,-100,-27.24,0.26,-0.34,1.71,-4.7,0.23,0,0,2,16.07,36.54,0,0,0,0,0,11.65,4
293.65,3.73,-6.83,-100,-29.18,0.21,-0.31,1.71,-4.7,0.23,0,0,2,16.06,36.28,0,0,0,0,0,11.68,4
293.68,3.76,-1.04,-100,-34.11,0.21,-0.17,1.68,-4.7,0.23,0,0,2,16.06,36.28,0,0,0,0,0,11.68,4
293.7,3.78,1.22,-100,-36.39,0.1,-0.14,1.66,-4.7,0.23,0,0,2,16.05,37.3,0,0,0,0,0,11.58,4
293.73,3.81,5.71,179.57,-42.13,0.03,-0.1,1.61,-4.7,0.23,0,0,2,16.05,37.3,0,0,0,0,0,11.79,4
293.75,3.83,7.34,177.08,-44.74,0,-0.07,1.58,-4.7,0.23,0,0,2,16.05,37.56,0,0,0,0,0,11.79,4
293.78,3.86,10.16,170.71,-51.18,-0.01,0,1.55,-4.7,0.23,0,0,2,16.05,37.56,0,0,0,0,0,11.83,4
293.8,3.88,11,167.8,-54.04,-0.07,0.02,1.56,-4.7,0.23,0,0,2,16.04,37.64,0,0,0,0,0,11.94,4
293.83,3.91,11.83,160.68,-60.8,-0.14,-0.05,1.49,-4.7,0.23,0,0,2,16.04,37.64,0,0,0,0,0,11.83,4
293.85,3.93,11.79,157.57,-63.69,-0.15,-0.1,1.47,-4.7,0.23,0,0,2,16.04,38.15,0,0,0,0,0,11.65,4
293.88,3.96,10.56,150.35,-70.17,-0.03,-0.05,1.39,-4.7,0.23,0,0,2,16.04,38.15,0,0,0,0,0,11.76,4
293.9,3.98,9.66,147.31,-72.8,-0.05,0,1.37,-4.7,0.23,0,0,2,16.04,37.05,0,0,0,0,0,11.83,4
293.93,4.01,6.54,140.49,-78.41,-0.09,-0.05,1.33,-4.7,0.23,0,0,2,16.04,37.05,0,0,0,0,0,11.68,4
293.95,4.03,4.88,137.69,-80.58,-0.16,-0.12,1.34,-4.7,0.23,0,0,2,16.04,38.41,0,0,0,0,0,11.61,4
293.98,4.06,0.28,131.52,-84.97,-0.27,-0.27,1.27,-4.7,0.23,0,0,2,16.04,38.41,0,0,0,0,0,11.54,4
294,4.08,-1.93,129,-86.55,-0.28,-0.27,1.27,-4.7,0.23,0,0,2,16.04,37.64,0,0,0,0,0,11.58,4
294.03,4.11,-7.62,123.44,-89.48,-0.17,-0.22,1.24,-4.7,0.23,0,0,2,16.04,37.64,0,0,0,0,0,11.87,4
294.05,4.13,-10.22,121.13,-90.43,-0.19,-0.2,1.22,-4.7,0.23,0,0,2,16.04,38.15,0,0,0,0,0,11.76,4
294.08,4.16,-16.63,115.91,-91.87,-0.03,-0.07,1.23,-4.7,0.23,0,0,2,16.04,38.15,0,0,0,0,0,11.72,4
294.1,4.18,-19.48,113.69,-92.16,-0.01,-0.11,1.2,-4.7,0.23,0,0,2,16.04,38.41,0,0,0,0,0,11.68,4
294.13,4.21,-26.31,108.46,-91.95,-0.12,-0.09,1.16,-4.7,0.23,0,0,2,16.04,38.41,0,0,0,0,0,11.83,4
294.15,4.23,-29.27,106.12,-91.49,-0.16,-0.1,1.18,-4.7,0.23,0,0,2,16.03,37.73,0,0,0,0,0,11.76,4
294.18,4.26,-36.17,100.29,-89.34,-0.23,-0.08,1.17,-4.7,0.23,0,0,2,16.03,37.73,0,0,0,0,0,11.9,4
294.2,4.28,-39.08,97.53,-87.93,-0.25,0.05,1.15,-4.7,0.23,0,0,2,16.04,38.49,0,0,0,0,0,11.83,4
294.23,4.31,-45.64,90.19,-83.19,-0.01,0.16,1.12,-4.7,0.23,0,0,2,16.04,38.49,0,0,0,0,0,11.61,4
294.25,4.33,-48.3,86.54,-80.45,0,0.18,1.13,-4.7,0.23,0,0,2,16.03,37.73,0,0,0,0,0,11.58,4
294.28,4.36,-53.94,76.43,-71.94,-0.06,0.34,1.09,-4.7,0.23,0,0,2,16.03,37.73,0,0,0,0,0,11.54,4
294.3,4.38,-56.03,71.28,-67.29,-0.16,0.31,1.09,-4.7,0.23,0,0,2,16.04,37.56,0,0,0,0,0,11.39,4
294.33,4.41,-59.73,57.13,-53.78,-0.09,0.58,1.06,-4.7,0.23,0,0,2,16.04,37.56,0,0,0,0,0,11.68,4
294.35,4.43,-60.7,50.23,-47,-0.03,0.64,1.05,-4.7,0.23,0,0,2,16.03,37.56,0,0,0,0,0,11.72,4
294.38,4.46,-61.23,33.28,-29.87,-0.45,0.76,1.06,-4.7,0.23,0,0,2,16.03,37.56,0,0,0,0,0,11.61,4
294.4,4.48,-60.69,26.21,-22.52,-0.39,0.74,0.99,-4.7,0.23,0,0,2,16.04,37.73,0,0,0,0,0,11.76,4
294.43,4.51,-57.8,11.67,-6.85,-0.39,0.8,1.04,-4.7,0.23,0,0,2,16.04,37.73,0,0,0,0,0,11.65,4
294.45,4.53,-55.99,6.48,-0.97,-0.5,0.82,1.06,-4.7,0.23,0,0,2,16.04,38.15,0,0,0,0,0,11.65,4
294.48,4.56,-50.76,-3.03,10.64,-0.65,0.8,1.07,-4.7,0.23,0,0,2,16.04,38.15,0,0,0,0,0,11.58,4
294.5,4.58,-48.22,-6.13,14.84,-0.69,0.82,1.06,-4.7,0.23,0,0,2,16.04,37.13,0,0,0,0,0,11.61,4
294.53,4.61,-41.87,-11.33,23.21,-0.88,0.73,1.08,-4.7,0.23,0,0,2,16.04,37.13,0,0,0,0,0,11.76,4
294.55,4.63,-39.06,-12.87,26.36,-0.94,0.79,1.11,-4.7,0.23,0,0,2,16.04,36.11,0,0,0,0,0,11.76,4
294.58,4.66,-32.62,-15.08,32.79,-1.02,0.8,1.14,-4.7,0.23,0,0,2,16.04,36.11,0,0,0,0,0,11.76,4
294.6,4.69,-28.86,-15.72,36.26,-1.22,0.65,1.11,-4.7,0.23,0,0,2,16.04,35.61,0,0,0,0,0,11.68,4
294.63,4.71,-22.72,-15.75,41.85,-1.37,0.56,1.09,-4.7,0.23,0,0,2,16.04,35.61,0,0,0,0,0,11.68,4
294.65,4.74,-20.11,-15.48,44.24,-1.41,0.55,1.13,-4.7,0.23,0,0,2,16.04,35.1,0,0,0,0,0,11.87,4
294.68,4.76,-14.45,-14.09,49.75,-1.67,0.14,1.16,-4.7,0.23,0,0,2,16.04,35.1,0,0,0,0,0,11.76,4
294.7,4.79,-12.17,-13.28,52.11,-1.7,0.08,1.16,-4.7,0.23,0,0,2,16.05,33.99,0,0,0,0,0,11.83,4
294.73,4.81,-7.36,-10.82,57.62,-1.76,-0.33,1.13,-4.7,0.23,0,0,2,16.05,33.99,0,0,0,0,0,11.83,4
294.75,4.84,-5.47,-9.61,60,-1.73,-0.4,1.14,-4.7,0.23,0,0,2,16.05,32.98,0,0,0,0,0,11.72,4
294.78,4.86,-1.59,-6.35,65.59,-1.71,-0.93,1.15,-4.7,0.23,0,0,2,16.05,32.98,0,0,0,0,0,11.72,4
294.8,4.89,-0.1,-4.82,68.01,-1.58,-0.9,1.13,-4.7,0.23,0,0,2,16.04,32.89,0,0,0,0,0,11.65,4
294.83,4.91,2.85,-0.94,73.68,-1.4,-1.24,1.16,-4.7,0.23,0,0,2,16.04,32.89,0,0,0,0,0,11.83,4
294.85,4.94,3.94,0.83,76.13,-1.17,-1.2,1.18,-4.7,0.23,0,0,2,16.04,31.28,0,0,0,0,0,11.68,5
294.88,4.96,5.95,5.2,81.84,-0.85,-1.37,1.18,5,5,0,0,2,16.04,31.28,0,0,0,0,0,11.61,5
294.9,4.99,6.63,7.15,84.29,-0.85,-1.39,1.18,-5,-5,0,0,2,16.04,31.03,0,0,0,0,0,11.68,5
294.93,5.01,7.65,11.88,89.98,-0.59,-1.21,1.18,-5,-5,0,0,2,16.04,31.03,0,0,0,0,0,11.98,5
294.95,5.04,7.88,13.96,92.42,-0.51,-1.13,1.21,-5,-5,0,0,2,16.04,29.76,0,0,0,0,0,11.68,5
294.98,5.06,7.82,18.89,98,-0.29,-1.16,1.22,-5,-5,0,0,2,16.04,29.76,0,0,0,0,0,11.72,5
295,5.09,7.59,21.01,100.35,-0.23,-1.24,1.22,-4.09,-5,0,0,2,16.03,29.59,0,0,0,0,0,11.76,5
295.03,5.11,6.46,25.97,105.62,-0.06,-1.31,1.24,-2.51,-5,0,0,2,16.03,29.59,0,0,0,0,0,11.76,5
295.05,5.14,5.77,28.07,107.81,-0.03,-1.36,1.23,-1.25,-5,0,0,2,16.03,28.06,0,0,0,0,0,11.68,5
295.08,5.16,3.62,32.9,112.63,0.48,-1.27,1.27,0.47,-5,0,0,2,16.03,28.06,0,0,0,0,0,11.79,5
295.1,5.19,2.51,34.92,114.59,0.41,-1.25,1.24,1.88,-5,0,0,2,16.02,28.65,0,0,0,0,0,11.79,5
295.13,5.21,-0.57,39.46,118.83,0.8,-1.5,1.35,3.69,-5,0,0,2,16.02,28.65,0,0,0,0,0,11.68,5
295.15,5.24,-2.04,41.34,120.5,0.95,-1.39,1.36,5,-5,0,0,2,16.02,27.89,0,0,0,0,0,11.68,5
295.18,5.26,-5.93,45.58,123.98,1.5,-1.32,1.37,5,-5,0,0,2,16.02,27.89,0,0,0,0,0,11.79,5
295.2,5.29,-7.72,47.34,125.33,1.69,-1.45,1.39,5,-5,0,0,2,16.02,27.64,0,0,0,0,0,11.72,5
295.23,5.31,-12.26,51.29,128.05,2.35,-0.81,1.39,5,-5,0,0,2,16.02,27.64,0,0,0,0,0,11.9,5
295.25,5.34,-14.36,52.94,129.11,2.51,-0.66,1.4,5,-5,0,0,2,16.01,27.13,0,0,0,1,0,11.79,5
295.28,5.36,-19.68,56.57,131.35,3.26,0.39,1.42,5,-5,0,0,2,16.01,27.13,0,0,0,1,0,11.79,5
295.3,5.39,-22.12,58.07,132.23,3.12,0.38,1.43,5,-5,0,0,2,16,23.66,0,0,0,1,0,11.68,5
295.33,5.41,-28.29,60.95,134.45,6.45,1.29,19.17,5,-5,0,0,2,16,23.66,0,0,0,1,0,11.61,5
295.35,5.44,-32.41,61.02,136.4,2.52,-0.8,18.52,5,-5,0,0,2,16,24.25,0,0,0,1,0,11.72,5
295.38,5.46,-42.36,59.3,142.09,4.67,3.11,7.12,5,-5,0,0,2,16,24.25,0,0,0,1,0,11.68,5
295.4,5.49,-46.85,57.38,145.57,6.03,3.37,3.01,5,-5,0,0,2,16,24.33,0,0,0,1,0,11.79,5
295.43,5.51,-57.37,47.84,158.33,4.57,4.26,3.28,5,-2.49,0,0,2,16,24.33,0,0,0,1,0,11.65,5
295.45,5.54,-61.47,40.84,166.52,4,4.26,3.59,5,5,0,0,2,15.98,22.3,0,0,0,1,0,11.87,5
295.48,5.56,-67.87,12.53,-100,3.94,4.93,6.93,5,5,0,0,2,15.98,22.3,0,0,0,1,0,11.65,5
295.5,5.59,-68.14,-3.75,-100,-6.61,-7.29,39.31,5,5,0,0,2,15.98,24.33,0,0,0,1,0,11.68,5
295.53,5.61,-61.94,-36.62,-100,-0.77,8.01,16.44,5,5,0,0,2,15.98,24.33,0,0,0,1,0,11.5,5
295.55,5.64,-57.13,-45.44,-100,0.02,8.02,9.31,-3.16,5,0,0,2,15.97,22.38,0,0,0,1,0,11.68,5
295.58,5.66,-41.84,-57.19,-86.4,-4.39,2.79,1.19,-5,5,0,0,2,15.97,22.38,0,0,0,1,0,11.87,5
295.6,5.69,-34.61,-59.71,-82.6,-3.81,3.04,1.15,-5,5,0,0,2,15.96,22.38,0,0,0,1,0,11.87,5
295.63,5.71,-17.2,-62.23,-75.95,-4.86,1.58,1.78,-5,5,0,0,2,15.96,22.38,0,0,0,1,0,11.83,5
295.65,5.74,-9.58,-62.38,-73.55,-3.57,1.65,2.65,-5,5,0,0,2,15.95,20.44,0,0,0,1,0,11.72,5
295.68,5.76,8.29,-60.72,-68.26,-3.92,-0.76,1.99,-5,5,0,0,2,15.95,20.44,0,0,0,1,0,11.65,5
295.7,5.79,15.82,-59.13,-65.76,-4.05,-1.31,2.27,-5,5,0,0,2,15.94,17.56,0,0,0,1,0,11.76,5
295.73,5.81,32.17,-52.38,-58.1,-3.05,-3.73,2.83,-5,1.35,0,0,2,15.94,17.56,0,0,0,1,0,11.87,5
295.75,5.84,38.31,-47.89,-53.46,-2.36,-4.2,3.24,-5,-5,0,0,2,15.93,17.22,0,0,0,1,0,11.83,5
295.78,5.86,48.74,-33.12,-38.67,-2.13,-3.39,3.52,-5,-5,0,0,2,15.93,17.22,0,0,0,1,0,11.76,5
295.81,5.89,52.2,-21.91,-27.45,-0.61,-3.2,4.35,-5,-5,0,0,2,15.92,15.86,0,0,0,1,0,11.68,5
295.83,5.92,53.01,-2.7,-7.74,-0.4,-2.94,3.72,-5,-5,0,0,2,15.92,15.86,0,0,0,1,0,11.79,5
295.86,5.94,51.97,5.3,0.59,0.1,-2.85,4.07,-5,-5,0,0,2,15.91,14.51,0,0,0,1,0,11.83,5
295.88,5.97,46.78,20.76,17.18,0.61,-2.55,3.57,-2.97,-5,0,0,2,15.91,14.51,0,0,0,1,0,11.72,5
295.91,5.99,43.75,25.89,22.9,1.42,-1.97,3.99,3.26,-5,0,0,2,15.9,13.66,0,0,0,1,0,11.79,5
295.93,6.02,35.89,34.35,33.33,1.79,-1.13,3.41,5,-5,0,0,2,15.9,13.66,0,0,0,1,0,11.83,5
295.96,6.04,32.38,37.01,37,1.63,-1.02,3.52,5,-5,0,0,2,15.89,12.99,0,0,0,1,0,11.79,5
295.98,6.07,24.03,41.51,44.34,2.27,-1.01,4.18,5,-5,0,0,2,15.89,12.99,0,0,0,1,0,11.65,5
296.01,6.09,20.45,42.91,47.16,2.14,-0.61,3.99,5,-5,0,0,2,15.88,12.31,0,0,0,1,0,11.79,5
296.03,6.12,12.27,44.97,53.54,2.74,-0.09,3.92,5,-5,0,0,2,15.88,12.31,0,0,0,0,0,11.76,5
296.06,6.14,8.77,45.45,56.32,2.8,0.18,3.58,5,-5,0,0,2,15.87,12.23,0,0,0,0,0,11.87,5
296.08,6.17,0.3,45.36,63.48,2.71,2.02,6.12,5,-5,0,0,2,15.87,12.23,0,0,0,0,0,11.83,5
296.11,6.19,-3.34,44.82,66.96,2.74,2.4,7.12,5,-5,0,0,2,15.87,10.79,0,0,0,0,0,12.01,5
296.13,6.22,-10.26,42.03,76.43,1.45,1.5,6,5,-5,0,0,2,15.87,10.79,0,0,0,0,0,11.76,5
296.16,6.24,-12.64,40.51,80.82,1.39,1.21,8.51,5,-5,0,0,2,15.86,10.28,0,0,0,0,0,11.76,5
296.18,6.27,-16.86,36.62,91.66,1.05,0.7,10.78,5,-4.67,0,0,2,15.86,10.28,0,0,0,0,0,11.87,5
296.21,6.29,-18.37,34.86,96.52,0.34,0.87,10.93,5,-3.59,0,0,2,15.85,10.03,0,0,0,0,0,11.83,5
296.23,6.32,-21.31,30.8,108.33,-0.83,-0.39,9.42,5,-2.91,0,0,2,15.85,10.03,0,0,0,0,0,11.83,5
296.26,6.34,-22.34,29.26,113.28,-0.51,-0.74,10.02,5,-2.64,0,0,2,15.85,10.7,0,0,0,0,0,11.76,5
296.28,6.37,-24.33,27.67,122.58,-1.75,-1.73,16.95,5,-5,0,0,2,15.85,10.7,0,0,0,0,0,11.94,5
296.31,6.39,-25.16,27.56,125.85,-0.49,-0.25,15.79,5,-5,0,0,2,15.84,8.67,0,0,0,0,0,11.79,5
296.33,6.42,-27.4,27.61,132.93,1.52,0.13,19.49,5,-5,0,0,2,15.84,8.67,0,0,0,0,0,11.83,5
296.36,6.44,-28.44,27.5,136.01,1.87,0.12,24.86,5,-5,0,0,2,15.84,7.57,0,0,0,0,0,11.98,5
296.38,6.47,-30.71,25.74,144.12,5.22,3.82,20.34,5,-5,0,0,2,15.84,7.57,0,0,0,0,0,11.87,5
296.41,6.49,-31.21,24.37,147.79,3.1,1.73,23.5,5,-5,0,0,2,15.84,7.91,0,0,0,0,0,11.79,5
296.43,6.52,-31.09,19.89,156.93,3.91,0.04,39.31,5,-1.11,0,0,2,15.84,7.91,0,0,0,0,0,11.72,5
296.46,6.54,-30.98,17.42,161.35,6.42,-1.07,39.31,5,1.73,0,0,2,15.83,9.26,0,0,0,0,0,11.79,5
296.48,6.57,-30.33,8.08,173.66,9.04,-0.31,39.31,5,5,0,0,2,15.83,9.26,0,0,0,0,0,11.79,5
296.51,6.59,-29.5,2.43,179.51,7.88,-3.34,39.31,5,5,0,0,2,15.83,10.28,0,0,0,0,0,11.83,5
296.53,6.62,-24.83,-12.1,-100,0.07,-1,17.92,1.64,5,0,0,2,15.83,10.28,0,0,0,0,0,11.76,5
296.56,6.64,-21.67,-17.6,-100,-0.34,-1.45,16.04,-5,5,0,0,2,15.83,10.03,0,0,0,0,0,11.79,5
296.58,6.67,-12.11,-27.92,-100,-4.56,-3.81,18.13,-5,5,0,0,2,15.83,10.03,0,0,0,0,0,11.72,5
296.61,6.69,-7.45,-31.26,-100,-4.1,-3.11,25.93,-5,5,0,0,2,15.83,9.6,0,0,0,0,0,11.83,5
296.63,6.72,2.34,-33.85,-100,-6.38,-7.01,21.79,-5,5,0,0,2,15.83,9.6,0,0,0,0,0,11.61,5
296.66,6.74,5.18,-32.73,-100,-5.08,-6.65,16.18,-5,5,0,0,2,15.83,8.08,0,0,0,0,0,11.68,5
296.68,6.77,9.06,-27.9,-100,-3.66,-2.99,23.49,-5,-5,0,0,2,15.83,8.08,0,0,0,0,0,11.76,5
296.71,6.79,10.08,-25.61,-100,-3.02,-4.29,27.09,-5,-5,0,0,2,15.83,8.67,0,0,0,0,0,11.87,5
296.73,6.82,9.31,-20.29,-100,-4.36,-6.88,29.72,-1.82,-5,0,0,2,15.83,8.67,0,0,0,0,0,11.83,5
296.76,6.84,7.39,-18.1,-100,-4.3,-5.36,27.48,4.3,-5,0,0,2,15.83,9.18,0,0,0,0,0,11.72,5
296.78,6.87,-0.74,-13.82,-94.34,-1.28,0.72,21.61,5,-5,0,0,2,15.83,9.18,0,0,0,0,0,11.76,5
296.81,6.89,-4.52,-12.31,-92.02,-0.79,-0.95,20.07,5,-5,0,0,2,15.84,9.77,0,0,0,0,0,11.72,5
296.83,6.92,-12.81,-9.93,-86.06,-1.36,6.45,16.67,5,-5,0,0,2,15.84,9.77,0,0,0,0,0,11.94,5
296.86,6.94,-15.04,-9.73,-82,0.77,4.86,13.42,5,-4.41,0,0,2,15.84,8.59,0,0,0,0,0,11.83,5
296.88,6.97,-16.6,-10.96,-69.04,-1.33,3.48,12.2,5,1.18,0,0,2,15.84,8.59,0,0,0,0,0,11.9,5
296.91,6.99,-16.14,-11.6,-62.88,-1.42,3.04,11.94,5,4.09,0,0,2,15.83,7.83,0,0,0,0,0,11.83,5
296.93,7.02,-13.87,-12.07,-49.07,-0.62,1.02,11.59,2.64,3.41,0,0,2,15.83,7.83,0,0,0,0,0,11.65,5
296.96,7.04,-12.84,-12.01,-43.25,-1.63,3.15,12.38,0.59,1.26,0,0,2,15.83,7.57,0,0,0,0,0,11.72,5
296.98,7.07,-10.4,-11.26,-30.1,-1.88,2.1,12.07,0.5,0.08,0,0,2,15.83,7.57,0,0,0,0,0,11.98,5
297.01,7.09,-9.35,-10.52,-24.55,-2.17,1.48,13.56,-0.3,-1.72,0,0,2,15.84,7.57,0,0,0,0,0,11.87,5
297.03,7.12,-7.38,-7.49,-12.95,-1.67,0.94,12.01,-0.94,-5,0,0,2,15.84,7.57,0,0,0,0,0,11.98,5
297.06,7.14,-6.71,-5.16,-6.46,-1.55,0.68,15.79,1.16,-5,0,0,2,15.83,7.32,0,0,0,0,0,11.87,5
297.08,7.17,-6.87,-1.17,4.66,-0.33,0.37,12.5,4.03,-5,0,0,2,15.83,7.32,0,0,0,0,0,11.87,5
297.11,7.19,-7.37,0.44,9.6,-0.3,0.55,14.2,5,-5,0,0,2,15.83,7.66,0,0,0,0,0,11.94,5
297.13,7.22,-9.63,3.33,21.12,0.55,0.64,10.32,5,-5,0,0,2,15.83,7.66,0,0,0,0,0,11.9,5
297.16,7.24,-10.85,4.11,26,0.53,0.83,11.19,5,-5,0,0,2,15.83,6.73,0,0,0,0,0,11.68,5
297.18,7.27,-13.22,3.94,36.29,0.33,1.23,6.2,5,-4.73,0,0,2,15.83,6.73,0,0,0,0,0,11.61,5
297.21,7.29,-13.88,3.41,40.2,0.36,1.48,5.77,5,-1.45,0,0,2,15.83,6.98,0,0,0,0,0,11.76,5
297.23,7.32,-14.29,1.48,47.75,-0.77,1.18,7.97,5,1.43,0,0,2,15.83,6.98,0,0,0,0,0,11.76,5
297.26,7.34,-14.16,0.51,50.79,-0.59,1,8.25,5,2.79,0,0,2,15.83,6.22,0,0,0,0,0,11.76,5
297.28,7.37,-13.15,-1.98,57.71,-1.59,0.56,8.32,5,4.14,0,0,2,15.83,6.22,0,0,0,0,0,11.9,5
297.31,7.39,-12.54,-3.02,60.66,-1.81,-0.57,6.76,4.84,4.77,0,0,2,15.84,5.97,0,0,0,0,0,11.76,5
297.33,7.42,-10.58,-5.21,67.37,-1.39,0.8,8.32,3.54,4.76,0,0,2,15.84,5.97,0,0,0,0,0,11.83,5
297.36,7.44,-9.39,-6.08,70.25,-1.88,1.52,7.6,1.82,4.8,0,0,2,15.84,5.12,0,0,0,0,0,11.87,5
297.38,7.47,-5.23,-7.48,76.39,-2.22,0.85,8.54,-1.85,4.28,0,0,2,15.84,5.12,0,0,0,0,0,11.68,5
297.41,7.49,-3,-7.79,78.67,-2.45,1.03,8.87,-5,3.12,0,0,2,15.84,5.37,0,0,0,0,0,11.9,5
297.43,7.52,3.05,-7.86,84.24,-1.93,-0.54,10.45,-5,1.38,0,0,2,15.84,5.37,0,0,0,0,0,11.72,5
297.46,7.54,5.7,-7.61,86.71,-1.43,-1.01,10.09,-5,0.11,0,0,2,15.84,5.97,0,0,0,0,0,11.72,5
297.48,7.57,11.63,-6.16,92.38,-1.37,-2.49,8.7,-5,-2.15,0,0,2,15.84,5.97,0,0,0,0,0,11.61,5
297.51,7.59,14.04,-5.27,94.78,-1.51,-2.65,8.71,-5,-3.97,0,0,2,15.84,5.29,0,0,0,0,0,11.61,5
297.53,7.62,19.01,-2.51,100.24,-1.22,-3.54,10.37,-5,-5,0,0,2,15.84,5.29,0,0,0,0,0,11.79,5
297.56,7.64,20.77,-1.13,102.72,-0.99,-4.02,10.07,-5,-5,0,0,2,15.84,5.37,0,0,0,0,0,11.72,5
297.58,7.67,23.05,2.37,109.12,-1.03,-3.71,7.01,-5,-5,0,0,2,15.84,5.37,0,0,0,0,0,11.68,5
297.61,7.69,23.45,3.93,112.04,-0.91,-4.12,8.74,-5,-5,0,0,2,15.83,3.77,0,0,0,0,0,11.83,5
297.63,7.72,22.71,7.62,119.38,-0.79,-3.48,8.42,-2.31,-5,0,0,2,15.83,3.77,0,0,0,0,0,11.9,5
297.66,7.74,22,9.04,122.43,-0.84,-3.52,8.58,0.36,-5,0,0,2,15.84,3.09,0,0,0,0,0,11.72,5
297.68,7.77,19.67,11.69,128.79,-0.69,-3.62,8.96,2.96,-5,0,0,2,15.84,3.09,0,0,0,0,0,11.83,5
297.71,7.79,18.49,12.59,131.22,-0.68,-3.34,9.58,4.17,-5,0,0,2,15.83,3.6,0,0,0,0,0,11.79,5
297.73,7.82,15.37,13.78,135.64,-0.84,-3.74,11.05,5,-5,0,0,2,15.83,3.6,0,0,0,0,0,11.83,5
297.76,7.84,13.84,13.89,137.03,-0.11,-4.28,10.13,5,-5,0,0,2,15.83,2.84,0,0,0,0,0,11.87,5
297.78,7.87,9.79,13.4,139.26,-0.69,-3.37,9.87,5,-5,0,0,2,15.83,2.84,0,0,0,0,0,11.9,5
297.81,7.89,8.01,13.04,139.97,-0.7,-3.05,9.23,5,-4.01,0,0,2,15.82,2.92,0,0,0,0,0,11.94,5
297.83,7.92,3.79,11.88,141.04,-0.52,-3,10.25,5,-2.89,0,0,2,15.82,2.92,0,0,0,0,0,11.61,5
297.86,7.94,1.96,11.31,141.37,-1.23,-2.58,10.56,5,-2.36,0,0,2,15.83,2.08,0,0,0,0,0,11.76,5
297.88,7.97,-2.34,9.95,141.68,-2.46,-1.19,10.03,5,-1.85,0,0,2,15.83,2.08,0,0,0,0,0,11.68,5
297.91,7.99,-4.15,9.43,141.77,-2.27,-1.24,9.82,5,-1.72,0,0,2,15.83,1.06,0,0,0,0,0,11.76,5
297.93,8.02,-8.04,8.74,142.98,-2.05,-0.79,9.45,5,-2.44,0,0,2,15.83,1.06,0,0,0,0,0,11.9,5
297.96,8.04,-9.49,8.68,144.26,-2.29,-0.62,9.3,5,-3.77,0,0,2,15.82,1.4,0,0,0,0,0,11.76,5
297.98,8.07,-12.38,8.79,148.86,-1.24,-1.21,10.92,5,-4.92,0,0,2,15.82,1.4,0,0,0,0,0,11.9,5
298.01,8.09,-13.48,8.84,151.2,-1.31,-1.12,10.04,5,-5,0,0,2,15.83,1.23,0,0,0,0,0,11.72,5
298.03,8.12,-15.95,8.65,156.92,-0.82,-1.23,10.53,5,-5,0,0,2,15.83,1.23,0,0,0,0,0,11.87,5
298.06,8.14,-16.92,8.46,159.52,-1.33,-0.2,10.98,5,-4.42,0,0,2,15.82,0.98,0,0,0,0,0,11.83,5
298.08,8.17,-18.61,8.64,164.95,-1.41,-0.2,9.85,5,-4.47,0,0,2,15.82,0.98,0,0,0,0,0,11.79,5
298.11,8.19,-19.07,9.11,166.94,-1.07,-0.61,11.02,5,-5,0,0,2,15.81,0.47,0,0,0,0,0,11.79,5
298.13,8.22,-19.88,10.53,171.32,-0.23,-0.91,11.83,5,-5,0,0,2,15.81,0.47,0,0,0,0,0,11.72,5
298.16,8.24,-20.23,11.14,173.16,-0.09,-1.21,11.6,5,-5,0,0,2,15.81,0.55,0,0,0,0,0,11.72,5
298.18,8.27,-21.15,12.47,177.05,-0.55,-3.98,9.57,5,-5,0,0,2,15.81,0.55,0,0,0,0,0,11.94,5
298.21,8.3,-21.76,13.37,178.72,0.14,-1.53,7.97,5,-5,0,0,2,15.8,0.89,0,0,0,0,0,11.9,5
298.24,8.32,-22.77,14.61,-100,0.8,-0.98,10.99,5,-5,0,0,2,15.8,0.89,0,0,0,0,0,11.72,5
298.26,8.35,-23.21,15.04,-100,1.23,-1.34,10.72,5,-5,0,0,2,15.81,0.22,0,0,0,0,0,11.79,5
298.29,8.37,-24.2,15.65,-100,1.91,-0.56,10.04,5,-5,0,0,2,15.81,0.22,0,0,0,0,0,11.76,5
298.31,8.4,-24.58,15.6,-100,2.26,-0.76,9.96,5,-5,0,0,2,15.8,0.13,0,0,0,0,0,11.72,5
298.34,8.42,-25.31,13.98,-100,1.66,-0.73,10.03,5,-5,0,0,2,15.8,0.13,0,0,0,0,0,11.79,5
298.36,8.45,-25.54,13.04,-100,1.61,-1,10.34,5,-3.26,0,0,2,15.8,-0.04,0,0,0,0,0,11.79,5
298.39,8.47,-25.95,10.38,-100,1.23,-1.24,9.89,5,-1.45,0,0,2,15.8,-0.04,0,0,0,0,0,11.65,5
298.41,8.5,-26.06,9.16,-100,1.11,-1.25,9.65,5,-0.39,0,0,2,15.8,-0.88,0,0,0,0,0,11.68,5
298.44,8.52,-26.13,6.29,-100,0.96,-1.14,10.1,5,0.42,0,0,2,15.8,-0.88,0,0,0,0,0,11.58,5
298.46,8.55,-26.09,5.09,-100,0.94,-1.07,10.51,5,0.81,0,0,2,15.8,-0.46,0,0,0,0,0,11.54,5
298.49,8.57,-25.71,2.46,-100,0.99,-0.96,10.29,5,0.89,0,0,2,15.8,-0.46,0,0,0,0,0,11.76,5
298.51,8.6,-25.45,1.37,-100,0.94,-0.91,10.78,5,1.14,0,0,2,15.79,-0.71,0,0,0,0,0,11.72,5
298.54,8.62,-24.54,-0.93,-100,0.86,-0.84,10.68,5,1.07,0,0,2,15.79,-0.71,0,0,0,0,0,11.68,5
298.56,8.65,-24.07,-1.85,-100,0.72,-0.71,10.39,5,1.08,0,0,2,15.8,-1.05,0,0,0,0,0,11.76,5
298.59,8.67,-22.8,-3.85,-100,0.17,-1.11,10.09,5,1.04,0,0,2,15.8,-1.05,0,0,0,0,0,11.87,5
298.61,8.7,-22.25,-4.67,-100,0.04,-1.29,10.1,5,1.21,0,0,2,15.79,-1.56,0,0,0,0,0,11.72,5
298.64,8.72,-21.01,-6.2,-100,-1.55,-0.86,9.33,5,1.13,0,0,2,15.79,-1.56,0,0,0,0,0,11.98,5
298.66,8.75,-20.49,-6.53,-100,-1.93,-1.61,9.32,5,0.24,0,0,2,15.78,-1.81,0,0,0,0,0,11.83,5
298.69,8.77,-19.56,-6.35,-100,-0.83,-1.69,9.81,5,-2.3,0,0,2,15.78,-1.81,0,0,0,0,0,11.87,5
298.71,8.8,-19.33,-6.1,-100,-0.74,-1.64,10.24,5,-3.58,0,0,2,15.78,-2.15,0,0,0,0,0,11.87,5
298.74,8.82,-18.89,-5.12,-100,-0.49,-1.64,10.18,5,-4.97,0,0,2,15.78,-2.15,0,0,0,0,0,11.83,5
298.76,8.85,-18.7,-4.63,-100,0.07,-2.4,11.76,5,-5,0,0,2,15.78,0.55,0,0,0,0,0,11.83,5
298.79,8.87,-8.55,5.24,-100,3.88,-4.26,-0.74,-5,-5,0,0,2,15.78,0.55,0,0,0,0,0,11.87,5
298.81,8.9,-3.1,9.04,-100,-1.32,4.32,-3.18,-5,-5,0,0,2,15.79,-1.22,0,0,0,0,0,11.79,5
298.84,8.92,10.35,15.19,-100,-1.11,-1.27,5.2,-5,-5,0,0,2,15.79,-1.22,0,0,0,0,0,11.79,5
298.86,8.95,15.41,18.25,-100,-0.39,-1.09,2.68,-5,-5,0,0,2,15.78,-1.47,0,0,0,0,0,11.68,5
298.89,8.97,27.29,25.5,-100,0.41,-1.32,1.82,-5,-5,0,0,2,15.78,-1.47,0,0,0,0,0,11.79,5
298.91,9,32.37,28.53,-100,-0.32,-1.74,2.3,-5,-5,0,0,2,15.77,-1.22,0,0,0,0,0,11.76,5
298.94,9.02,44.01,35.82,-100,-1.3,-3.12,3.52,-5,-5,0,0,2,15.77,-1.22,0,0,0,0,0,11.87,5
298.96,9.05,48.98,39.08,-100,-0.62,-2.81,3.29,-5,-5,0,0,2,15.77,-1.22,0,0,0,0,0,11.76,5
298.99,9.07,60.95,46.16,-100,-0.18,-1.55,1.59,-5,-5,0,0,2,15.77,-1.22,0,0,0,0,0,11.72,5
299.01,9.1,66.22,49.67,-100,-0.19,-2.27,2.32,-5,-5,0,0,2,15.77,-0.88,0,0,0,0,0,11.65,5
299.04,9.12,78.98,61.01,-100,0.21,-2.61,2.39,-5,-5,0,0,2,15.77,-0.88,0,0,0,0,0,11.65,5
299.06,9.15,84.46,74.99,-100,-0.24,-1.8,2.13,-5,-5,0,0,2,15.77,-2.15,0,0,0,0,0,11.65,5
299.09,9.17,83.83,-46.38,89.02,-2.76,-7.69,-1.97,-5,5,0,0,2,15.77,-2.15,0,0,0,0,0,11.61,5
299.11,9.2,75.82,-54.64,79.12,2.07,3.37,-0.51,3.57,5,0,0,2,15.77,1.65,0,0,0,0,0,11.79,5
299.14,9.22,57.31,-59.27,69.17,-25.95,-19.65,-25.12,5,5,0,0,2,15.77,1.65,0,0,0,0,0,11.61,5
299.16,9.25,48.17,-69.52,59.08,-34.23,-30.89,-6.25,5,5,0,0,2,15.77,-1.98,0,0,0,0,0,11.65,5
299.19,9.27,26.58,-77.26,50.36,-1.07,-0.91,-1.26,5,5,0,0,2,15.77,-1.98,0,0,0,0,0,11.58,5
299.21,9.3,17.35,-77.86,48.27,-0.36,-0.58,-0.85,5,5,0,0,2,15.77,-1.56,0,0,0,0,0,11.72,5
299.24,9.32,-3.44,-77.73,43.75,-1,-0.23,-0.57,5,5,0,0,2,15.77,-1.56,0,0,0,0,0,11.61,5
299.26,9.35,-11.91,-77.17,41.72,-1.39,-0.1,-0.71,5,5,0,0,2,15.76,-1.64,0,0,0,0,0,11.61,5
299.29,9.37,-29.32,-74.33,36.35,-11.51,9.5,-3.53,5,5,0,0,2,15.76,-1.64,0,0,0,0,0,11.72,5
299.31,9.4,-35.43,-72.51,33.69,-13.22,12.81,-4.74,5,5,0,0,2,15.76,-1.64,0,0,0,0,0,11.65,5
299.34,9.42,-47.75,-67.45,26.67,-5.09,13.61,-2.3,5,5,0,0,2,15.76,-1.64,0,0,0,0,0,11.72,5
299.36,9.45,-52.54,-65.08,23.55,-2.3,7.92,0.19,5,5,0,0,2,15.76,-1.98,0,0,0,0,0,11.76,5
299.39,9.47,-60.43,-58.85,16.17,-1.46,6.78,0.88,5,0.47,0,0,2,15.76,-1.98,0,0,0,0,0,11.83,5
299.42,9.5,-62.87,-55.88,12.8,-1.05,9.12,0.5,5,1.91,0,0,2,15.76,-1.39,0,0,0,0,0,11.72,5
299.44,9.52,-63.63,-54.86,11.63,-1.34,9.39,-0.09,5,5,0,0,2,15.76,-1.39,0,0,0,0,0,11.61,5
299.47,9.55,-63.18,-55.51,12.36,-1.68,8.62,0.16,5,5,0,0,2,15.76,-1.47,0,0,0,0,0,11.5,5
299.49,9.57,-59.87,-59.3,16.69,-3.29,8.85,0.29,5,5,0,0,2,15.76,-1.47,0,0,0,0,0,11.76,5
299.52,9.6,-57.97,-61.08,18.78,-3.71,8.81,0.25,5,5,0,0,2,15.76,-1.47,0,0,0,0,0,11.76,5
299.54,9.62,-53.06,-64.69,23.19,-5.75,7.84,0.02,5,5,0,0,2,15.76,-1.47,0,0,0,0,0,11.54,5
299.57,9.65,-51.11,-65.83,24.65,-6.45,7.03,0.41,4.84,5,0,0,2,15.75,-1.81,0,0,0,0,0,11.54,5
299.59,9.67,-48.04,-67.39,26.69,-6.57,5.96,0.26,5,5,0,0,2,15.75,-1.81,0,0,0,0,0,11.72,5
299.62,9.7,-47.35,-67.72,27.12,-6.75,6.03,0.3,5,5,0,0,2,15.75,-1.73,0,0,0,0,0,11.76,5
299.64,9.72,-47.13,-67.8,27.22,-6.3,6.38,0.22,5,5,0,0,2,15.75,-1.73,0,0,0,0,0,11.83,5
299.67,9.75,-47.34,-67.71,27.09,-6.13,6.92,0.73,5,5,0,0,2,15.75,-1.81,0,0,0,0,0,11.72,5
299.69,9.77,-48,-67.43,26.71,-5.51,7.48,0.16,5,5,0,0,2,15.75,-1.81,0,0,0,0,0,11.72,5
299.72,9.8,-48.19,-67.34,26.6,-5.44,7.53,-0.52,5,5,0,0,2,15.75,-0.97,0,0,0,0,0,11.72,5
299.74,9.82,-48.06,-67.38,26.65,-5.95,7.16,0.18,5,5,0,0,2,15.75,-0.97,0,0,0,0,0,11.61,5
299.77,9.85,-47.96,-67.42,26.71,-6.08,7.17,0.14,5,5,0,0,2,15.76,-1.47,0,0,0,0,0,11.68,5
299.79,9.87,-47.96,-67.42,26.71,-5.87,7.21,0.18,5,5,0,0,2,15.76,-1.47,0,0,0,0,0,11.54,5
299.82,9.9,-48,-67.41,26.69,-5.9,7.29,0.07,5,5,0,0,2,15.76,-1.47,0,0,0,0,0,11.76,5
299.84,9.92,-48,-67.41,26.69,-5.89,7.19,0.15,5,5,0,0,2,15.76,-1.47,0,0,0,0,0,11.72,5
299.87,9.95,-47.99,-67.41,26.69,-5.93,7.16,0.16,5,5,0,0,2,15.75,-1.64,0,0,0,0,0,11.65,5
299.89,9.97,-47.99,-67.41,26.69,-5.89,7.22,0.11,5,5,0,0,2,15.75,-1.64,0,0,0,0,0,11.72,5
299.92,10,-47.99,-67.41,26.69,-5.83,7.28,0.19,5,5,0,0,2,15.76,-1.81,0,0,0,0,0,11.79,5
299.94,10.02,-47.98,-67.41,26.69,-5.92,7.23,0.17,5,5,0,0,2,15.76,-1.81,0,0,0,0,0,11.94,5
299.97,10.05,-47.98,-67.42,26.69,-5.92,7.2,0.13,5,5,0,0,2,15.76,-1.81,0,0,0,0,0,11.83,5
299.99,10.07,-47.97,-67.43,26.71,-5.92,7.21,0.1,5,5,0,0,2,15.76,-1.81,0,0,0,0,0,11.79,5
300.02,10.1,-47.95,-67.44,26.71,-5.97,7.18,0.07,5,5,0,0,2,15.76,-0.71,0,0,0,0,0,11.79,5
300.04,10.12,-47.96,-67.44,26.71,-5.88,7.24,0.12,5,5,0,0,2,15.76,-0.71,0,0,0,0,0,11.68,5
300.07,10.15,-47.95,-67.44,26.71,-5.89,7.23,0.21,5,5,0,0,2,15.76,-1.81,0,0,0,0,0,11.61,5
300.09,10.17,-47.94,-67.46,26.73,-5.9,7.23,0.19,5,5,0,0,2,15.76,-1.81,0,0,0,0,0,11.9,5
300.12,10.2,-47.93,-67.46,26.73,-5.9,7.18,0.16,5,5,0,0,2,15.76,-1.9,0,0,0,0,0,11.83,5
300.14,10.22,-47.92,-67.46,26.74,-5.91,7.16,0.13,5,5,0,0,2,15.76,-1.9,0,0,0,0,0,11.9,5
300.17,10.25,-47.92,-67.46,26.74,-5.92,7.22,0.13,5,5,0,0,2,15.76,-1.39,0,0,0,0,0,11.76,5
300.19,10.27,-47.91,-67.46,26.74,-5.9,7.25,0.16,5,5,0,0,2,15.76,-1.39,0,0,0,0,0,11.72,5
300.22,10.3,-47.9,-67.47,26.75,-5.92,7.21,0.2,5,5,0,0,2,15.77,-1.47,0,0,0,0,0,11.61,5
300.24,10.32,-47.88,-67.48,26.76,-5.94,7.18,0.11,5,5,0,0,2,15.77,-1.47,0,0,0,0,0,11.79,5
300.27,10.35,-47.87,-67.49,26.76,-5.9,7.2,0.15,5,5,0,0,2,15.77,-2.32,0,0,0,0,0,11.72,5
300.29,10.38,-47.85,-67.51,26.78,-5.86,7.19,0.12,5,5,0,0,2,15.77,-2.32,0,0,0,0,0,11.54,5
300.32,10.4,-47.82,-67.52,26.8,-6.01,7.18,0.1,5,5,0,0,2,15.77,-1.9,0,0,0,0,0,11.68,5
300.35,10.43,-47.82,-67.52,26.8,-5.95,7.2,0.22,5,5,0,0,2,15.77,-1.9,0,0,0,0,0,11.72,5
300.37,10.46,-47.83,-67.52,26.8,-5.81,7.18,0.1,5,5,0,0,2,15.76,-1.3,0,0,0,0,0,11.65,5
300.4,10.48,-47.8,-67.53,26.81,-5.96,7.05,0.19,5,5,0,0,2,15.76,-1.3,0,0,0,0,0,11.76,5
300.42,10.51,-47.8,-67.53,26.81,-5.86,7.24,0.28,5,5,0,0,2,15.77,-1.56,0,0,0,0,0,11.79,5
300.45,10.53,-47.79,-67.55,26.82,-6.04,7.18,0.06,5,5,0,0,2,15.77,-1.56,0,0,0,0,0,11.79,5
300.47,10.56,-47.8,-67.54,26.81,-5.92,7.18,0.09,5,5,0,0,2,15.77,-1.47,0,0,0,0,0,11.9,5
300.5,10.58,-47.84,-67.52,26.79,-5.86,7.25,0.15,5,5,0,0,2,15.77,-1.47,0,0,0,0,0,11.72,5
300.52,10.61,-47.83,-67.53,26.8,-5.92,7.18,0.2,5,5,0,0,2,15.76,-1.73,0,0,0,0,0,11.83,5
300.55,10.63,-47.82,-67.53,26.8,-5.94,7.11,0.2,5,5,0,0,2,15.76,-1.73,0,0,0,0,0,11.68,5
300.57,10.66,-47.83,-67.53,26.8,-5.91,7.27,0.16,5,5,0,0,2,15.77,-1.64,0,0,0,0,0,11.72,5
300.6,10.68,-47.83,-67.53,26.8,-5.93,7.24,0.16,5,5,0,0,2,15.77,-1.64,0,0,0,0,0,11.72,5
300.63,10.71,-47.83,-67.53,26.8,-5.94,7.18,0.16,5,5,0,0,2,15.76,-2.06,0,0,0,0,0,11.83,5
300.65,10.74,-47.83,-67.53,26.8,-5.93,7.2,0.16,5,5,0,0,2,15.76,-2.06,0,0,0,0,0,11.65,5
300.68,10.76,-47.83,-67.53,26.8,-5.96,7.21,0.14,5,5,0,0,2,15.76,-1.39,0,0,0,0,0,11.83,5
300.7,10.79,-47.84,-67.52,26.8,-5.93,7.25,0.16,5,5,0,0,2,15.76,-1.39,0,0,0,0,0,11.83,5
300.73,10.82,-47.84,-67.52,26.79,-5.91,7.19,0.14,5,5,0,0,2,15.76,-1.81,0,0,0,0,0,11.83,5
300.76,10.84,-47.84,-67.53,26.8,-5.95,7.19,0.15,5,5,0,0,2,15.76,-1.81,0,0,0,0,0,11.61,5
300.78,10.87,-47.84,-67.53,26.8,-5.9,7.25,0.15,5,5,0,0,2,15.76,-1.39,0,0,0,0,0,11.58,5
300.81,10.89,-47.84,-67.52,26.8,-6.23,7.56,0.11,5,5,0,0,2,15.76,-1.39,0,0,0,0,0,11.61,5
300.83,10.92,-47.83,-67.52,26.8,-6.25,7.56,0.12,5,5,0,0,2,15.76,-1.81,0,0,0,0,0,11.76,5
300.86,10.94,-47.84,-67.52,26.8,-6.22,7.62,0.12,5,5,0,0,2,15.76,-1.81,0,0,0,0,0,11.72,5
300.88,10.97,-47.83,-67.53,26.8,-6.22,7.55,0.12,5,5,0,0,2,15.77,-2.4,0,0,0,0,0,11.65,5
300.91,10.99,-47.83,-67.53,26.81,-6.23,7.55,0.12,5,5,0,0,2,15.77,-2.4,0,0,0,0,0,11.65,5
300.93,11.02,-47.84,-67.53,26.81,-6.2,7.61,0.1,5,5,0,0,2,15.76,-1.73,0,0,0,0,0,11.68,5
300.96,11.04,-47.84,-67.53,26.81,-6.21,7.6,0.11,5,5,0,0,2,15.76,-1.73,0,0,0,0,0,11.68,5
300.98,11.07,-47.84,-67.53,26.81,-6.2,7.57,0.12,5,5,0,0,2,15.76,-2.06,0,0,0,0,0,11.79,5
301.01,11.09,-47.84,-67.53,26.8,-6.24,7.59,0.11,5,5,0,0,2,15.76,-2.06,0,0,0,0,0,11.65,5
301.04,11.12,-47.84,-67.53,26.81,-6.23,7.55,0.14,5,5,0,0,2,15.76,-1.73,0,0,0,0,0,11.61,5
301.06,11.14,-47.84,-67.53,26.81,-6.24,7.58,0.1,5,5,0,0,2,15.76,-1.73,0,0,0,0,0,11.68,5
301.09,11.17,-47.84,-67.53,26.81,-6.22,7.61,0.13,5,5,0,0,2,15.77,-1.64,0,0,0,0,0,11.79,5
301.11,11.19,-47.83,-67.54,26.81,-6.26,7.62,0.11,5,5,0,0,2,15.77,-1.64,0,0,0,0,0,11.79,5
301.14,11.22,-47.84,-67.54,26.81,-6.19,7.53,0.1,5,5,0,0,2,15.76,-1.9,0,0,0,0,0,11.68,5
301.16,11.25,-47.83,-67.54,26.81,-6.21,7.53,0.1,5,5,0,0,2,15.76,-1.9,0,0,0,0,0,11.58,5
301.19,11.27,-47.83,-67.54,26.81,-6.21,7.6,0.12,5,5,0,0,2,15.76,-1.98,0,0,0,0,0,11.65,5
301.21,11.3,-47.83,-67.55,26.82,-6.21,7.62,0.09,5,5,0,0,2,15.76,-1.98,0,0,0,0,0,11.65,5
301.24,11.32,-47.83,-67.55,26.82,-6.2,7.55,0.11,5,5,0,0,2,15.76,-2.49,0,0,0,0,0,11.87,5
301.27,11.35,-47.83,-67.55,26.82,-6.22,7.56,0.12,5,5,0,0,2,15.76,-2.49,0,0,0,0,0,11.72,5
301.29,11.38,-47.83,-67.55,26.82,-6.2,7.62,0.13,5,5,0,0,2,15.76,-1.64,0,0,0,0,0,11.87,5
301.32,11.4,-47.83,-67.55,26.82,-6.24,7.58,0.1,5,5,0,0,2,15.76,-1.64,0,0,0,0,0,11.83,5
301.34,11.43,-47.83,-67.55,26.82,-6.25,7.58,0.11,5,5,0,0,2,15.76,-1.9,0,0,0,0,0,11.76,5
301.37,11.45,-47.83,-67.55,26.82,-6.24,7.6,0.11,5,5,0,0,2,15.76,-1.9,0,0,0,0,0,11.83,5
301.4,11.48,-47.82,-67.55,26.82,-6.21,7.54,0.1,5,5,0,0,2,15.76,-1.39,0,0,0,0,0,11.76,5
301.42,11.51,-47.82,-67.56,26.82,-6.21,7.6,0.11,5,5,0,0,2,15.76,-1.39,0,0,0,0,0,11.65,5
301.45,11.53,-47.82,-67.56,26.82,-6.22,7.63,0.11,5,5,0,0,2,15.76,-1.9,0,0,0,0,0,11.61,5
301.47,11.56,-47.82,-67.56,26.83,-6.23,7.6,0.13,5,5,0,0,2,15.76,-1.9,0,0,0,0,0,11.87,5
301.5,11.58,-47.82,-67.56,26.82,-6.22,7.55,0.1,5,5,0,0,2,15.76,-1.39,0,0,0,0,0,11.76,5
301.53,11.61,-47.82,-67.57,26.83,-6.21,7.56,0.12,5,5,0,0,2,15.76,-1.39,0,0,0,0,0,11.65,5
301.55,11.63,-47.82,-67.57,26.83,-6.24,7.6,0.09,5,5,0,0,2,15.76,-1.64,0,0,0,0,0,11.54,5
301.58,11.66,-47.83,-67.57,26.83,-6.22,7.61,0.11,5,5,0,0,2,15.76,-1.64,0,0,0,0,0,11.72,5
301.6,11.68,-47.83,-67.57,26.83,-6.23,7.62,0.12,5,5,0,0,2,15.76,-1.64,0,0,0,0,0,11.68,5
301.63,11.71,-47.83,-67.57,26.83,-6.21,7.59,0.12,5,5,0,0,2,15.76,-1.64,0,0,0,0,0,11.83,5
301.65,11.73,-47.83,-67.57,26.83,-6.22,7.55,0.1,5,5,0,0,2,15.77,-1.98,0,0,0,0,0,11.58,5
301.68,11.76,-47.82,-67.57,26.84,-6.2,7.56,0.12,5,5,0,0,2,15.77,-1.98,0,0,0,0,0,11.76,5
301.7,11.78,-47.82,-67.57,26.84,-6.21,7.62,0.1,5,5,0,0,2,15.77,-1.73,0,0,0,0,0,11.76,5
301.73,11.81,-47.82,-67.57,26.83,-6.21,7.62,0.1,5,5,0,0,2,15.77,-1.73,0,0,0,0,0,11.87,5
301.75,11.83,-47.82,-67.57,26.84,-6.23,7.6,0.11,5,5,0,0,2,15.77,-2.4,0,0,0,0,0,11.68,5
301.78,11.86,-47.82,-67.57,26.84,-6.21,7.57,0.11,5,5,0,0,2,15.77,-2.4,0,0,0,0,0,11.65,5
301.8,11.88,-47.82,-67.57,26.84,-6.18,7.57,0.1,5,5,0,0,2,15.76,-1.73,0,0,0,0,0,11.79,5
301.83,11.91,-47.82,-67.57,26.84,-6.24,7.59,0.1,5,5,0,0,2,15.76,-1.73,0,0,0,0,0,11.76,5
301.85,11.93,-47.82,-67.57,26.84,-6.22,7.61,0.11,5,5,0,0,2,15.77,-1.98,0,0,0,0,0,11.9,5
301.88,11.96,-47.82,-67.58,26.84,-6.21,7.61,0.12,5,5,0,0,2,15.77,-1.98,0,0,0,0,0,11.58,5
301.9,11.98,-47.82,-67.58,26.84,-6.22,7.57,0.1,5,5,0,0,2,15.77,-1.81,0,0,0,0,0,11.68,5
301.93,12.01,-47.83,-67.59,26.85,-6.24,7.56,0.11,5,5,0,0,2,15.77,-1.81,0,0,0,0,0,11.61,5
301.95,12.03,-47.83,-67.58,26.85,-6.23,7.56,0.1,5,5,0,0,2,15.77,-1.81,0,0,0,0,0,11.76,5
301.98,12.06,-47.82,-67.58,26.85,-6.23,7.61,0.1,5,5,0,0,2,15.77,-1.81,0,0,0,0,0,11.87,5
302,12.08,-47.82,-67.58,26.85,-6.18,7.63,0.12,5,5,0,0,2,15.77,-2.06,0,0,0,0,0,11.76,5
302.03,12.11,-47.82,-67.59,26.85,-6.22,7.61,0.1,5,5,0,0,2,15.77,-2.06,0,0,0,0,0,11.68,5
302.05,12.13,-47.82,-67.59,26.85,-6.22,7.56,0.12,5,5,0,0,2,15.77,-2.06,0,0,0,0,0,11.68,5
302.08,12.16,-47.82,-67.59,26.86,-6.21,7.54,0.12,5,5,0,0,2,15.77,-2.06,0,0,0,0,0,11.76,5
302.1,12.18,-47.82,-67.59,26.85,-6.22,7.6,0.11,5,5,0,0,2,15.77,-1.64,0,0,0,0,0,11.87,5
302.13,12.21,-47.82,-67.59,26.85,-6.22,7.63,0.12,5,5,0,0,2,15.77,-1.64,0,0,0,0,0,11.87,5
302.15,12.23,-47.82,-67.59,26.85,-6.26,7.61,0.12,5,5,0,0,2,15.77,-1.3,0,0,0,0,0,11.79,5
302.18,12.26,-47.82,-67.6,26.86,-6.23,7.61,0.11,5,5,0,0,2,15.77,-1.3,0,0,0,0,0,11.79,5
302.2,12.28,-47.82,-67.6,26.86,-6.22,7.58,0.1,5,5,0,0,2,15.77,-1.56,0,0,0,0,0,11.68,5
302.23,12.31,-47.82,-67.61,26.86,-6.22,7.57,0.11,5,5,0,0,2,15.77,-1.56,0,0,0,0,0,11.79,5
302.25,12.33,-47.82,-67.6,26.86,-6.22,7.61,0.12,5,5,0,0,2,15.77,-1.98,0,0,0,0,0,11.76,5
302.28,12.36,-47.82,-67.6,26.86,-6.24,7.6,0.12,5,5,0,0,2,15.77,-1.98,0,0,0,0,0,12.09,5
302.3,12.38,-47.82,-67.6,26.86,-6.22,7.58,0.1,5,5,0,0,2,15.77,-1.9,0,0,0,0,0,11.79,5
302.33,12.41,-47.82,-67.61,26.86,-6.23,7.55,0.11,5,5,0,0,2,15.77,-1.9,0,0,0,0,0,11.68,5
302.35,12.43,-47.82,-67.61,26.86,-6.22,7.55,0.11,5,5,0,0,2,15.77,-1.73,0,0,0,0,0,11.68,5
302.38,12.46,-47.82,-67.61,26.86,-6.22,7.57,0.11,5,5,0,0,2,15.77,-1.73,0,0,0,0,0,11.79,5
302.4,12.48,-47.82,-67.61,26.86,-6.26,7.61,0.09,5,5,0,0,2,15.77,-1.81,0,0,0,0,0,11.68,5
302.43,12.51,-47.82,-67.62,26.87,-6.21,7.6,0.1,5,5,0,0,2,15.77,-1.81,0,0,0,0,0,11.83,5
302.45,12.54,-47.82,-67.61,26.87,-6.25,7.6,0.11,5,5,0,0,2,15.77,-2.06,0,0,0,0,0,11.68,5
302.48,12.56,-47.82,-67.61,26.87,-6.22,7.54,0.11,5,5,0,0,2,15.77,-2.06,0,0,0,0,0,11.54,5
302.51,12.59,-47.82,-67.61,26.87,-6.22,7.62,0.11,5,5,0,0,2,15.77,-1.73,0,0,0,0,0,11.65,5
302.53,12.61,-47.82,-67.61,26.87,-6.22,7.61,0.12,5,5,0,0,2,15.77,-1.73,0,0,0,0,0,11.72,5
302.56,12.64,-47.82,-67.61,26.87,-6.21,7.54,0.1,5,5,0,0,2,15.77,-1.9,0,0,0,0,0,11.83,5
302.58,12.67,-47.83,-67.62,26.87,-6.22,7.6,0.11,5,5,0,0,2,15.77,-1.9,0,0,0,0,0,11.68,5
302.61,12.7,-47.83,-67.62,26.87,-6.22,7.56,0.12,5,5,0,0,2,15.78,-1.98,0,0,0,0,0,11.79,5
302.64,12.72,-47.82,-67.62,26.87,-6.21,7.59,0.11,5,5,0,0,2,15.78,-1.98,0,0,0,0,0,11.83,5
302.66,12.75,-47.82,-67.62,26.87,-6.22,7.6,0.11,5,5,0,0,2,15.77,-1.22,0,0,0,0,0,11.79,5
302.69,12.77,-47.82,-67.62,26.87,-6.21,7.61,0.12,5,5,0,0,2,15.77,-1.22,0,0,0,0,0,11.76,5
302.71,12.8,-47.82,-67.61,26.88,-6.25,7.53,0.09,5,5,0,0,2,15.77,-1.98,0,0,0,0,0,11.72,5
302.74,12.82,-47.82,-67.61,26.87,-6.22,7.55,0.11,5,5,0,0,2,15.77,-1.98,0,0,0,0,0,11.58,5
302.76,12.85,-47.82,-67.61,26.87,-6.23,7.61,0.13,5,5,0,0,2,15.77,-1.9,0,0,0,0,0,11.65,5
302.79,12.87,-47.82,-67.61,26.87,-6.21,7.62,0.12,5,5,0,0,2,15.77,-1.9,0,0,0,0,0,11.79,5
302.82,12.9,-47.82,-67.62,26.87,-6.25,7.56,0.11,5,5,0,0,2,15.77,-1.47,0,0,0,0,0,11.68,5
302.84,12.93,-47.82,-67.62,26.88,-6.21,7.53,0.11,5,5,0,0,2,15.77,-1.47,0,0,0,0,0,11.83,5
302.87,12.95,-47.82,-67.62,26.88,-6.25,7.62,0.1,5,5,0,0,2,15.78,-1.14,0,0,0,0,0,11.9,5
302.89,12.98,-47.82,-67.62,26.88,-6.21,7.58,0.12,5,5,0,0,2,15.78,-1.14,0,0,0,0,0,11.76,5
302.92,13,-47.82,-67.62,26.88,-6.26,7.59,0.1,5,5,0,0,2,15.77,-1.98,0,0,0,0,0,11.54,5
302.94,13.03,-47.82,-67.62,26.88,-6.23,7.62,0.11,5,5,0,0,2,15.77,-1.98,0,0,0,0,0,11.68,5
302.97,13.05,-47.82,-67.62,26.88,-6.24,7.56,0.12,5,5,0,0,2,15.78,-1.9,0,0,0,0,0,11.9,5
302.99,13.08,-47.82,-67.62,26.88,-6.23,7.56,0.12,5,5,0,0,2,15.78,-1.9,0,0,0,0,0,11.76,5
303.02,13.1,-47.82,-67.63,26.88,-6.25,7.64,0.1,5,5,0,0,2,15.77,-1.47,0,0,0,0,0,11.58,5
303.04,13.13,-47.81,-67.63,26.88,-6.24,7.58,0.09,5,5,0,0,2,15.77,-1.47,0,0,0,0,0,11.61,5
303.07,13.16,-47.81,-67.63,26.88,-6.25,7.53,0.09,5,5,0,0,2,15.77,-1.9,0,0,0,0,0,11.61,5
303.1,13.18,-47.81,-67.63,26.88,-6.23,7.53,0.12,5,5,0,0,2,15.77,-1.9,0,0,0,0,0,11.79,5
303.13,13.21,-47.81,-67.63,26.88,-6.24,7.6,0.13,5,5,0,0,2,15.77,-2.32,0,0,0,0,0,11.5,5
303.15,13.23,-47.81,-67.63,26.89,-6.25,7.6,0.1,5,5,0,0,2,15.77,-2.32,0,0,0,0,0,11.79,5
303.18,13.26,-47.82,-67.63,26.89,-6.25,7.55,0.09,5,5,0,0,2,15.77,-1.81,0,0,0,0,0,11.98,5
303.2,13.29,-47.81,-67.63,26.89,-6.23,7.55,0.1,5,5,0,0,2,15.77,-1.81,0,0,0,0,0,11.83,5
303.23,13.31,-47.81,-67.64,26.89,-6.23,7.56,0.11,5,5,0,0,2,15.78,-1.73,0,0,0,0,0,11.65,5
303.25,13.34,-47.81,-67.64,26.89,-6.23,7.56,0.12,5,5,0,0,2,15.78,-1.73,0,0,0,0,0,11.94,5
303.28,13.36,-47.81,-67.64,26.89,-6.24,7.63,0.1,5,5,0,0,2,15.77,-1.73,0,0,0,0,0,11.72,5
303.3,13.39,-47.81,-67.64,26.9,-6.21,7.6,0.1,5,5,0,0,2,15.77,-1.73,0,0,0,0,0,11.87,5
303.33,13.41,-47.81,-67.64,26.9,-6.22,7.54,0.11,5,5,0,0,2,15.78,-1.22,0,0,0,0,0,11.61,5
303.35,13.44,-47.81,-67.64,26.89,-6.23,7.56,0.11,5,5,0,0,2,15.78,-1.22,0,0,0,0,0,11.68,5
303.38,13.46,-47.81,-67.64,26.9,-6.23,7.6,0.11,5,5,0,0,2,15.78,-1.73,0,0,0,0,0,11.61,5
303.4,13.49,-47.81,-67.64,26.9,-6.24,7.55,0.11,5,5,0,0,2,15.78,-1.73,0,0,0,0,0,11.72,5
303.43,13.51,-47.81,-67.64,26.9,-6.22,7.54,0.11,5,5,0,0,2,15.77,-1.56,0,0,0,0,0,11.68,5
303.45,13.54,-47.81,-67.65,26.9,-6.22,7.62,0.11,5,5,0,0,2,15.77,-1.56,0,0,0,0,0,11.65,5
303.48,13.57,-47.81,-67.65,26.9,-6.25,7.57,0.12,5,5,0,0,2,15.77,-1.56,0,0,0,0,0,11.76,5
303.51,13.59,-47.81,-67.65,26.9,-6.24,7.58,0.12,5,5,0,0,2,15.77,-1.56,0,0,0,0,0,11.79,5
303.53,13.62,-47.81,-67.65,26.9,-6.22,7.62,0.12,5,5,0,0,2,15.77,-1.73,0,0,0,0,0,11.79,5
303.56,13.64,-47.81,-67.65,26.9,-6.26,7.63,0.13,5,5,0,0,2,15.77,-1.73,0,0,0,0,0,11.79,5
303.59,13.67,-47.81,-67.65,26.9,-6.25,7.55,0.1,5,5,0,0,2,15.78,-1.81,0,0,0,0,0,11.68,5
303.61,13.7,-47.81,-67.64,26.9,-6.23,7.55,0.11,5,5,0,0,2,15.78,-1.81,0,0,0,0,0,11.65,5
303.64,13.72,-47.81,-67.65,26.9,-6.23,7.56,0.13,5,5,0,0,2,15.77,-1.3,0,0,0,0,0,11.76,5
303.66,13.75,-47.81,-67.65,26.91,-6.24,7.56,0.12,5,5,0,0,2,15.77,-1.3,0,0,0,0,0,11.65,5
303.69,13.77,-47.81,-67.65,26.91,-6.22,7.52,0.11,5,5,0,0,2,15.78,-1.81,0,0,0,0,0,11.65,5
303.71,13.8,-47.81,-67.65,26.91,-6.25,7.58,0.11,5,5,0,0,2,15.78,-1.81,0,0,0,0,0,11.76,5
303.74,13.82,-47.81,-67.65,26.91,-6.24,7.58,0.09,5,5,0,0,2,15.78,-1.81,0,0,0,0,0,11.61,5
303.77,13.85,-47.81,-67.65,26.91,-6.25,7.53,0.11,5,5,0,0,2,15.78,-1.81,0,0,0,0,0,11.58,5
303.79,13.87,-47.81,-67.65,26.91,-6.23,7.59,0.11,5,5,0,0,2,15.78,-2.06,0,0,0,0,0,11.5,5
303.82,13.9,-47.81,-67.65,26.91,-6.23,7.59,0.11,5,5,0,0,2,15.78,-2.06,0,0,0,0,0,11.83,5
303.84,13.92,-47.81,-67.65,26.91,-6.22,7.54,0.1,5,5,0,0,2,15.78,-0.97,0,0,0,0,0,11.79,5
303.87,13.95,-47.81,-67.65,26.91,-6.25,7.55,0.12,5,5,0,0,2,15.78,-0.97,0,0,0,0,0,11.61,5
303.89,13.97,-47.81,-67.65,26.91,-6.22,7.57,0.11,5,5,0,0,2,15.79,-1.81,0,0,0,0,0,11.76,5
303.92,14,-47.81,-67.65,26.91,-6.26,7.56,0.12,5,5,0,0,2,15.79,-1.81,0,0,0,0,0,11.68,5
303.94,14.03,-47.8,-67.66,26.91,-6.24,7.56,0.12,5,5,0,0,2,15.78,-1.73,0,0,0,0,0,11.68,5
303.97,14.05,-47.8,-67.65,26.91,-6.26,7.59,0.1,5,5,0,0,2,15.78,-1.73,0,0,0,0,0,11.47,5
303.99,14.08,-47.8,-67.65,26.91,-6.21,7.52,0.11,5,5,0,0,2,15.79,-2.06,0,0,0,0,0,11.61,5
304.02,14.1,-47.8,-67.65,26.91,-6.24,7.54,0.1,5,5,0,0,2,15.79,-2.06,0,0,0,0,0,11.79,5
304.04,14.13,-47.8,-67.65,26.92,-6.21,7.61,0.11,5,5,0,0,2,15.78,-1.81,0,0,0,0,0,11.68,5
304.07,14.15,-47.8,-67.65,26.91,-6.23,7.62,0.1,5,5,0,0,2,15.78,-1.81,0,0,0,0,0,11.79,5
304.1,14.18,-47.8,-67.65,26.92,-6.2,7.54,0.1,5,5,0,0,2,15.78,-1.64,0,0,0,0,0,11.65,5
304.12,14.21,-47.8,-67.66,26.92,-6.24,7.53,0.12,5,5,0,0,2,15.78,-1.64,0,0,0,0,0,11.58,5
304.15,14.23,-47.79,-67.66,26.92,-6.23,7.62,0.13,5,5,0,0,2,15.78,-2.06,0,0,0,0,0,11.54,5
304.17,14.26,-47.8,-67.66,26.92,-6.25,7.57,0.12,5,5,0,0,2,15.78,-2.06,0,0,0,0,0,11.61,5
304.2,14.29,-47.8,-67.66,26.92,-6.23,7.55,0.11,5,5,0,0,2,15.78,-1.81,0,0,0,0,0,11.72,5
304.23,14.31,-47.8,-67.66,26.92,-6.23,7.57,0.11,5,5,0,0,2,15.78,-1.81,0,0,0,0,0,11.83,5
304.25,14.34,-47.8,-67.66,26.92,-6.22,7.55,0.11,5,5,0,0,2,15.78,-1.39,0,0,0,0,0,11.76,5
304.28,14.36,-47.8,-67.65,26.92,-6.21,7.56,0.11,5,5,0,0,2,15.78,-1.39,0,0,0,0,0,11.72,5
304.31,14.39,-47.8,-67.66,26.92,-6.23,7.61,0.11,5,5,0,0,2,15.79,-1.64,0,0,0,0,0,11.54,5
304.33,14.41,-47.8,-67.66,26.93,-6.25,7.58,0.1,5,5,0,0,2,15.79,-1.64,0,0,0,0,0,11.9,5
304.36,14.44,-47.8,-67.66,26.93,-6.22,7.55,0.1,5,5,0,0,2,15.79,-1.98,0,0,0,0,0,11.72,5
304.38,14.47,-47.8,-67.66,26.93,-6.24,7.52,0.11,5,5,0,0,2,15.79,-1.98,0,0,0,0,0,11.87,5
304.41,14.49,-47.8,-67.66,26.93,-6.23,7.57,0.11,5,5,0,0,2,15.79,-1.39,0,0,0,0,0,11.76,5
304.44,14.52,-47.8,-67.67,26.93,-6.25,7.62,0.11,5,5,0,0,2,15.79,-1.39,0,0,0,0,0,11.72,5
304.46,14.55,-47.8,-67.67,26.93,-6.23,7.54,0.1,5,5,0,0,2,15.78,-1.64,0,0,0,0,0,11.83,5
304.49,14.57,-47.8,-67.67,26.93,-6.22,7.56,0.1,5,5,0,0,2,15.78,-1.64,0,0,0,0,0,11.83,5
304.51,14.6,-47.8,-67.67,26.93,-6.24,7.61,0.13,5,5,0,0,2,15.79,-1.64,0,0,0,0,0,11.94,5
304.54,14.62,-47.8,-67.67,26.93,-6.23,7.54,0.09,5,5,0,0,2,15.79,-1.64,0,0,0,0,0,11.87,5
304.56,14.65,-47.8,-67.67,26.94,-6.25,7.53,0.12,5,5,0,0,2,15.79,-1.3,0,0,0,0,0,11.79,5
304.59,14.67,-47.8,-67.67,26.93,-6.23,7.62,0.11,5,5,0,0,2,15.79,-1.3,0,0,0,0,0,11.87,5
304.62,14.7,-47.8,-67.67,26.93,-6.27,7.62,0.11,5,5,0,0,2,15.78,-1.64,0,0,0,0,0,11.87,5
304.64,14.73,-47.8,-67.67,26.93,-6.22,7.52,0.11,5,5,0,0,2,15.78,-1.64,0,0,0,0,0,11.65,5
304.67,14.75,-47.8,-67.68,26.93,-6.24,7.56,0.13,5,5,0,0,2,15.78,-1.56,0,0,0,0,0,11.72,5
304.69,14.78,-47.8,-67.68,26.93,-6.25,7.6,0.1,5,5,0,0,2,15.78,-1.56,0,0,0,0,0,11.68,5
304.72,14.8,-47.8,-67.68,26.93,-6.23,7.52,0.11,5,5,0,0,2,15.79,-1.3,0,0,0,0,0,11.72,5
304.74,14.83,-47.8,-67.68,26.94,-6.23,7.52,0.1,5,5,0,0,2,15.79,-1.3,0,0,0,0,0,11.72,5
304.77,14.85,-47.8,-67.68,26.94,-6.21,7.6,0.11,5,5,0,0,2,15.78,-1.47,0,0,0,0,0,11.58,5
304.8,14.88,-47.8,-67.68,26.94,-6.23,7.61,0.11,5,5,0,0,2,15.78,-1.47,0,0,0,0,0,11.87,5
304.82,14.91,-47.8,-67.68,26.94,-6.23,7.51,0.11,5,5,0,0,2,15.78,-1.47,0,0,0,0,0,11.76,5
304.85,14.93,-47.8,-67.68,26.94,-6.22,7.58,0.13,5,5,0,0,2,15.78,-1.47,0,0,0,0,0,11.68,5
304.88,14.96,-47.8,-67.68,26.95,-6.22,7.63,0.11,5,5,0,0,2,15.78,-1.64,0,0,0,0,0,11.76,5
304.9,14.99,-47.8,-67.68,26.95,-6.26,7.62,0.12,5,5,0,0,2,15.78,-1.64,0,0,0,0,0,11.79,5
304.93,15.01,-47.8,-67.68,26.95,-6.24,7.55,0.13,5,5,0,0,2,15.78,-1.14,0,0,0,0,0,11.83,5
304.95,15.04,-47.8,-67.68,26.95,-6.22,7.59,0.09,5,5,0,0,2,15.78,-1.14,0,0,0,0,0,11.5,5
304.98,15.06,-47.8,-67.69,26.95,-6.23,7.56,0.12,5,5,0,0,2,15.78,-1.98,0,0,0,0,0,11.54,5
305.01,15.09,-47.79,-67.69,26.95,-6.23,7.53,0.12,5,5,0,0,2,15.78,-1.98,0,0,0,0,0,11.9,5
305.03,15.12,-47.79,-67.69,26.96,-6.23,7.61,0.1,5,5,0,0,2,15.78,-1.9,0,0,0,0,0,11.94,5
305.06,15.14,-47.79,-67.7,26.96,-6.27,7.61,0.12,5,5,0,0,2,15.78,-1.9,0,0,0,0,0,11.9,5
305.08,15.17,-47.79,-67.7,26.96,-6.24,7.59,0.11,5,5,0,0,2,15.78,-1.64,0,0,0,0,0,11.98,5
305.11,15.19,-47.79,-67.7,26.96,-6.2,7.55,0.12,5,5,0,0,2,15.78,-1.64,0,0,0,0,0,11.76,5
305.13,15.22,-47.8,-67.7,26.96,-6.24,7.61,0.1,5,5,0,0,2,15.78,-1.81,0,0,0,0,0,11.79,5
305.16,15.24,-47.8,-67.71,26.96,-6.23,7.53,0.11,5,5,0,0,2,15.78,-1.81,0,0,0,0,0,11.83,5
305.18,15.27,-47.8,-67.71,26.96,-6.22,7.53,0.11,5,5,0,0,2,15.78,-1.9,0,0,0,0,0,11.79,5
305.21,15.29,-47.79,-67.71,26.96,-6.24,7.6,0.12,5,5,0,0,2,15.78,-1.9,0,0,0,0,0,11.76,5
305.24,15.32,-47.79,-67.71,26.96,-6.26,7.62,0.11,5,5,0,0,2,15.78,-1.39,0,0,0,0,0,11.61,5
305.26,15.35,-47.79,-67.71,26.96,-6.25,7.59,0.1,5,5,0,0,2,15.78,-1.39,0,0,0,0,0,11.79,5
305.29,15.37,-47.79,-67.71,26.97,-6.21,7.57,0.1,5,5,0,0,2,15.79,-1.64,0,0,0,0,0,11.76,5
305.31,15.4,-47.79,-67.72,26.97,-6.24,7.59,0.12,5,5,0,0,2,15.79,-1.64,0,0,0,0,0,11.76,5
305.34,15.42,-47.79,-67.72,26.97,-6.21,7.55,0.11,5,5,0,0,2,15.79,-2.23,0,0,0,0,0,11.72,5
305.36,15.45,-47.79,-67.73,26.97,-6.25,7.53,0.12,5,5,0,0,2,15.79,-2.23,0,0,0,0,0,11.79,5
305.39,15.48,-47.79,-67.73,26.97,-6.24,7.61,0.12,5,5,0,0,2,15.79,-1.9,0,0,0,0,0,11.65,5
305.42,15.5,-47.78,-67.73,26.97,-6.24,7.57,0.09,5,5,0,0,2,15.79,-1.9,0,0,0,0,0,11.65,5
305.44,15.53,-47.78,-67.72,26.97,-6.23,7.56,0.1,5,5,0,0,2,15.79,-2.06,0,0,0,0,0,11.65,5
305.47,15.55,-47.78,-67.72,26.98,-6.27,7.59,0.12,5,5,0,0,2,15.79,-2.06,0,0,0,0,0,11.72,5
305.49,15.58,-47.78,-67.72,26.98,-6.23,7.62,0.12,5,5,0,0,2,15.79,-1.64,0,0,0,0,0,11.83,5
305.52,15.6,-47.78,-67.72,26.98,-6.25,7.55,0.1,5,5,0,0,2,15.79,-1.64,0,0,0,0,0,11.87,5
305.55,15.63,-47.78,-67.72,26.98,-6.22,7.55,0.1,5,5,0,0,2,15.78,-2.15,0,0,0,0,0,11.98,5
305.57,15.65,-47.78,-67.72,26.98,-6.26,7.63,0.12,5,5,0,0,2,15.78,-2.15,0,0,0,0,0,11.76,5
305.6,15.68,-47.78,-67.72,26.98,-6.25,7.56,0.12,5,5,0,0,2,15.79,-1.98,0,0,0,0,0,11.79,5
305.62,15.71,-47.79,-67.72,26.98,-6.24,7.52,0.11,5,5,0,0,2,15.79,-1.98,0,0,0,0,0,11.79,5
305.65,15.74,-47.79,-67.71,26.98,-6.25,7.6,0.12,5,5,0,0,2,15.77,-1.98,0,0,0,0,0,11.72,5
305.68,15.76,-47.78,-67.71,26.99,-6.22,7.61,0.12,5,5,0,0,2,15.77,-1.98,0,0,0,0,0,11.9,5
305.7,15.79,-47.78,-67.72,26.99,-6.22,7.56,0.09,5,5,0,0,2,15.78,-1.22,0,0,0,0,0,11.83,5
305.73,15.81,-47.79,-67.72,26.99,-6.24,7.56,0.12,5,5,0,0,2,15.78,-1.22,0,0,0,0,0,11.79,5
305.75,15.84,-47.79,-67.71,26.99,-6.22,7.6,0.1,5,5,0,0,2,15.78,-1.56,0,0,0,0,0,11.65,5
305.78,15.86,-47.79,-67.72,27,-6.24,7.55,0.11,5,5,0,0,2,15.78,-1.56,0,0,0,0,0,11.61,5
305.8,15.89,-47.79,-67.72,27,-6.24,7.52,0.11,5,5,0,0,2,15.78,-1.64,0,0,0,0,0,11.76,5
305.83,15.91,-47.79,-67.72,27,-6.24,7.6,0.12,5,5,0,0,2,15.78,-1.64,0,0,0,0,0,11.68,5
305.85,15.94,-47.78,-67.73,27,-6.25,7.6,0.13,5,5,0,0,2,15.78,-1.81,0,0,0,0,0,11.65,5
305.88,15.96,-47.78,-67.72,27,-6.23,7.55,0.11,5,5,0,0,2,15.78,-1.81,0,0,0,0,0,11.68,5
305.9,15.99,-47.78,-67.72,27,-6.24,7.58,0.12,5,5,0,0,2,15.78,-1.9,0,0,0,0,0,11.68,5
305.93,16.02,-47.78,-67.72,27,-6.25,7.59,0.11,5,5,0,0,2,15.78,-1.9,0,0,0,0,0,11.94,5
305.96,16.04,-47.78,-67.72,27,-6.23,7.56,0.12,5,5,0,0,2,15.79,-1.9,0,0,0,0,0,11.87,5
305.98,16.07,-47.78,-67.72,27,-6.26,7.62,0.1,5,5,0,0,2,15.79,-1.9,0,0,0,0,0,11.79,5
306.01,16.09,-47.78,-67.72,27,-6.23,7.62,0.11,5,5,0,0,2,15.79,-1.98,0,0,0,0,0,11.76,5
306.03,16.12,-47.78,-67.72,27,-6.25,7.57,0.12,5,5,0,0,2,15.79,-1.98,0,0,0,0,0,11.72,5
306.06,16.15,-47.78,-67.72,27,-6.23,7.57,0.11,5,5,0,0,2,15.78,-1.39,0,0,0,0,0,11.87,5
306.09,16.17,-47.78,-67.72,27,-6.23,7.58,0.1,5,5,0,0,2,15.78,-1.39,0,0,0,0,0,11.72,5
306.11,16.2,-47.78,-67.72,27,-6.24,7.58,0.1,5,5,0,0,2,15.78,-1.64,0,0,0,0,0,11.76,5
306.14,16.22,-47.78,-67.72,27,-6.22,7.53,0.12,5,5,0,0,2,15.78,-1.64,0,0,0,0,0,11.72,5
306.16,16.25,-47.78,-67.72,27,-6.23,7.63,0.12,5,5,0,0,2,15.78,-1.98,0,0,0,0,0,11.72,5
306.19,16.27,-47.78,-67.72,27,-6.25,7.59,0.12,5,5,0,0,2,15.78,-1.98,0,0,0,0,0,11.76,5
306.21,16.3,-47.78,-67.72,27.01,-6.26,7.57,0.11,5,5,0,0,2,15.78,-1.56,0,0,0,0,0,11.68,5
306.24,16.32,-47.78,-67.72,27,-6.23,7.6,0.12,5,5,0,0,2,15.78,-1.56,0,0,0,0,0,11.76,5
306.27,16.35,-47.78,-67.72,27,-6.25,7.63,0.11,5,5,0,0,2,15.78,-2.15,0,0,0,0,0,11.72,5
306.29,16.37,-47.78,-67.72,27,-6.22,7.57,0.12,5,5,0,0,2,15.78,-2.15,0,0,0,0,0,11.54,5
306.32,16.4,-47.78,-67.72,27,-6.25,7.6,0.12,5,5,0,0,2,15.78,-2.06,0,0,0,0,0,11.68,5
306.34,16.42,-47.78,-67.72,27,-6.25,7.62,0.12,5,5,0,0,2,15.78,-2.06,0,0,0,0,0,11.94,5
306.37,16.45,-47.78,-67.72,27,-6.26,7.59,0.1,5,5,0,0,2,15.78,-1.56,0,0,0,0,0,11.72,5
306.39,16.48,-47.78,-67.72,27,-6.24,7.55,0.1,5,5,0,0,2,15.78,-1.56,0,0,0,0,0,11.72,5
306.42,16.5,-47.78,-67.72,27.01,-6.26,7.58,0.1,5,5,0,0,2,15.78,-2.15,0,0,0,0,0,11.68,5
306.44,16.53,-47.78,-67.72,27.01,-6.22,7.56,0.1,5,5,0,0,2,15.78,-2.15,0,0,0,0,0,11.9,5
306.47,16.55,-47.77,-67.72,27.01,-6.27,7.58,0.09,5,5,0,0,2,15.79,-1.64,0,0,0,0,0,11.83,5
306.49,16.58,-47.77,-67.72,27.01,-6.23,7.61,0.12,5,5,0,0,2,15.79,-1.64,0,0,0,0,0,11.72,5
306.52,16.6,-47.77,-67.72,27.01,-6.27,7.6,0.12,5,5,0,0,2,15.79,-1.39,0,0,0,0,0,11.79,5
306.54,16.63,-47.77,-67.72,27.01,-6.24,7.51,0.11,5,5,0,0,2,15.79,-1.39,0,0,0,0,0,11.72,5
306.57,16.65,-47.77,-67.72,27.02,-6.24,7.54,0.11,5,5,0,0,2,15.79,-1.81,0,0,0,0,0,11.72,5
306.59,16.68,-47.77,-67.72,27.02,-6.25,7.59,0.12,5,5,0,0,2,15.79,-1.81,0,0,0,0,0,11.76,5
306.62,16.7,-47.77,-67.72,27.02,-6.25,7.54,0.12,5,5,0,0,2,15.78,-1.56,0,0,0,0,0,11.79,5
306.65,16.73,-47.77,-67.72,27.02,-6.21,7.55,0.12,5,5,0,0,2,15.78,-1.56,0,0,0,0,0,11.83,5
306.67,16.76,-47.77,-67.72,27.02,-6.28,7.62,0.09,5,5,0,0,2,15.78,-1.9,0,0,0,0,0,11.79,5
306.7,16.78,-47.77,-67.71,27.02,-6.26,7.58,0.11,5,5,0,0,2,15.78,-1.9,0,0,0,0,0,11.61,5
306.73,16.81,-47.77,-67.71,27.02,-6.24,7.58,0.11,5,5,0,0,2,15.79,-1.64,0,0,0,0,0,11.61,5
306.75,16.83,-47.77,-67.71,27.02,-6.25,7.58,0.12,5,5,0,0,2,15.79,-1.64,0,0,0,0,0,11.9,5
306.78,16.86,-47.77,-67.71,27.02,-6.26,7.62,0.12,5,5,0,0,2,15.77,-2.06,0,0,0,0,0,11.83,5
306.8,16.89,-47.77,-67.71,27.02,-6.23,7.54,0.12,5,5,0,0,2,15.77,-2.06,0,0,0,0,0,11.79,5
306.83,16.91,-47.77,-67.71,27.02,-6.24,7.54,0.11,5,5,0,0,2,15.78,-2.4,0,0,0,0,0,11.79,5
306.86,16.94,-47.77,-67.71,27.02,-6.23,7.6,0.12,5,5,0,0,2,15.78,-2.4,0,0,0,0,0,12.01,5
306.88,16.96,-47.77,-67.71,27.02,-6.26,7.58,0.11,5,5,0,0,2,15.78,-0.63,0,0,0,0,0,11.83,5
306.91,16.99,-47.78,-67.71,27.02,-6.25,7.53,0.1,5,5,0,0,2,15.78,-0.63,0,0,0,0,0,11.65,5
306.93,17.02,-47.77,-67.72,27.03,-6.24,7.6,0.12,5,5,0,0,2,15.78,-1.81,0,0,0,0,0,11.87,5
306.96,17.04,-47.77,-67.71,27.03,-6.25,7.6,0.1,5,5,0,0,2,15.78,-1.81,0,0,0,0,0,11.79,5
306.98,17.07,-47.77,-67.71,27.03,-6.24,7.52,0.11,5,5,0,0,2,15.78,-1.64,0,0,0,0,0,11.65,5
307.01,17.09,-47.77,-67.71,27.03,-6.21,7.53,0.11,5,5,0,0,2,15.78,-1.64,0,0,0,0,0,11.43,5
307.03,17.12,-47.77,-67.71,27.03,-6.25,7.6,0.12,5,5,0,0,2,15.78,-1.73,0,0,0,0,0,11.47,5
307.06,17.14,-47.77,-67.71,27.03,-6.24,7.55,0.1,5,5,0,0,2,15.78,-1.73,0,0,0,0,0,11.61,5
307.09,17.17,-47.77,-67.71,27.03,-6.22,7.54,0.12,5,5,0,0,2,15.78,-1.81,0,0,0,0,0,11.83,5
307.11,17.2,-47.77,-67.71,27.03,-6.25,7.59,0.11,5,5,0,0,2,15.78,-1.81,0,0,0,0,0,11.79,5
307.14,17.22,-47.77,-67.7,27.03,-6.23,7.6,0.11,5,5,0,0,2,15.78,-1.56,0,0,0,0,0,11.83,5
307.16,17.25,-47.77,-67.7,27.03,-6.24,7.5,0.11,5,5,0,0,2,15.78,-1.56,0,0,0,0,0,11.61,5
307.19,17.27,-47.77,-67.7,27.03,-6.24,7.54,0.12,5,5,0,0,2,15.78,-1.9,0,0,0,0,0,11.65,5
307.22,17.3,-47.77,-67.7,27.03,-6.22,7.61,0.09,5,5,0,0,2,15.78,-1.9,0,0,0,0,0,11.68,5
307.24,17.33,-47.77,-67.7,27.03,-6.21,7.55,0.1,5,5,0,0,2,15.78,-2.06,0,0,0,0,0,11.54,5
307.27,17.35,-47.77,-67.69,27.03,-6.25,7.55,0.12,5,5,0,0,2,15.78,-2.06,0,0,0,0,0,11.83,5
307.29,17.38,-47.77,-67.69,27.03,-6.27,7.61,0.1,5,5,0,0,2,15.78,-1.22,0,0,0,0,0,12.01,5
307.32,17.4,-47.77,-67.69,27.03,-6.26,7.58,0.11,5,5,0,0,2,15.78,-1.22,0,0,0,0,0,11.76,5
307.34,17.43,-47.77,-67.68,27.03,-6.23,7.49,0.11,5,5,0,0,2,15.79,-2.4,0,0,0,0,0,11.83,5
307.37,17.45,-47.77,-67.68,27.03,-6.24,7.56,0.13,5,5,0,0,2,15.79,-2.4,0,0,0,0,0,11.72,5
307.39,17.48,-47.77,-67.68,27.03,-6.23,7.53,0.12,5,5,0,0,2,15.78,-1.9,0,0,0,0,0,11.76,5
307.42,17.5,-47.77,-67.67,27.02,-6.23,7.52,0.12,5,5,0,0,2,15.78,-1.9,0,0,0,0,0,11.65,5
307.44,17.53,-47.77,-67.68,27.02,-6.26,7.58,0.12,5,5,0,0,2,15.78,-1.56,0,0,0,0,0,11.65,5
307.47,17.55,-47.77,-67.68,27.02,-6.26,7.62,0.1,5,5,0,0,2,15.78,-1.56,0,0,0,0,0,11.65,5
307.49,17.58,-47.78,-67.68,27.02,-6.24,7.52,0.1,5,5,0,0,2,15.78,-1.98,0,0,0,0,0,11.76,5
307.52,17.6,-47.78,-67.68,27.02,-6.25,7.51,0.11,5,5,0,0,2,15.78,-1.98,0,0,0,0,0,11.65,5
307.54,17.63,-47.78,-67.68,27.02,-6.24,7.54,0.11,5,5,0,0,2,15.78,-1.9,0,0,0,0,0,11.68,5
307.57,17.65,-47.77,-67.68,27.02,-6.25,7.56,0.1,5,5,0,0,2,15.78,-1.9,0,0,0,0,0,11.43,5
307.59,17.68,-47.77,-67.68,27.02,-6.27,7.6,0.1,5,5,0,0,2,15.78,-2.15,0,0,0,0,0,11.61,5
307.62,17.7,-47.77,-67.67,27.02,-6.27,7.56,0.11,5,5,0,0,2,15.78,-2.15,0,0,0,0,0,11.87,5
307.64,17.73,-47.77,-67.67,27.02,-6.24,7.53,0.12,5,5,0,0,2,15.78,-1.39,0,0,0,0,0,11.61,5
307.67,17.75,-47.77,-67.67,27.03,-6.25,7.54,0.11,5,5,0,0,2,15.78,-1.39,0,0,0,0,0,11.72,5
307.69,17.78,-47.77,-67.67,27.03,-6.26,7.55,0.1,5,5,0,0,2,15.78,-1.81,0,0,0,0,0,11.76,5
307.72,17.8,-47.77,-67.67,27.03,-6.25,7.56,0.1,5,5,0,0,2,15.78,-1.81,0,0,0,0,0,11.68,5
307.75,17.83,-47.77,-67.67,27.03,-6.23,7.52,0.09,5,5,0,0,2,15.78,-1.47,0,0,0,0,0,11.72,5
307.77,17.86,-47.77,-67.67,27.03,-6.25,7.57,0.11,5,5,0,0,2,15.78,-1.47,0,0,0,0,0,11.87,5
307.8,17.88,-47.77,-67.67,27.03,-6.27,7.57,0.12,5,5,0,0,2,15.78,-2.06,0,0,0,0,0,11.98,5
307.82,17.91,-47.77,-67.66,27.03,-6.26,7.53,0.1,5,5,0,0,2,15.78,-2.06,0,0,0,0,0,11.61,5
307.85,17.94,-47.77,-67.66,27.03,-6.23,7.57,0.1,5,5,0,0,2,15.77,-1.81,0,0,0,0,0,11.83,5
307.88,17.96,-47.77,-67.66,27.03,-6.26,7.59,0.11,5,5,0,0,2,15.77,-1.81,0,0,0,0,0,11.76,5
307.9,17.99,-47.77,-67.66,27.03,-6.22,7.54,0.1,5,5,0,0,2,15.78,-1.56,0,0,0,0,0,11.61,5
307.93,18.01,-47.77,-67.66,27.03,-6.28,7.53,0.11,5,5,0,0,2,15.78,-1.56,0,0,0,0,0,11.76,5
307.95,18.04,-47.77,-67.66,27.04,-6.24,7.57,0.12,5,5,0,0,2,15.78,-1.81,0,0,0,0,0,11.79,5
307.98,18.06,-47.77,-67.65,27.03,-6.26,7.55,0.11,5,5,0,0,2,15.78,-1.81,0,0,0,0,0,11.61,5
308,18.09,-47.77,-67.65,27.03,-6.21,7.57,0.11,5,5,0,0,2,15.78,-1.3,0,0,0,0,0,11.65,5
308.03,18.11,-47.77,-67.66,27.04,-6.26,7.58,0.11,5,5,0,0,2,15.78,-1.3,0,0,0,0,0,11.83,5
308.05,18.14,-47.77,-67.66,27.04,-6.23,7.52,0.11,5,5,0,0,2,15.78,-2.06,0,0,0,0,0,11.65,5
308.08,18.16,-47.77,-67.66,27.04,-6.27,7.54,0.11,5,5,0,0,2,15.78,-2.06,0,0,0,0,0,11.79,5
308.1,18.19,-47.77,-67.66,27.04,-6.25,7.58,0.1,5,5,0,0,2,15.78,-1.39,0,0,0,0,0,11.68,5
308.13,18.21,-47.77,-67.65,27.03,-6.24,7.55,0.11,5,5,0,0,2,15.78,-1.39,0,0,0,0,0,11.61,5
308.15,18.24,-47.77,-67.65,27.03,-6.23,7.5,0.11,5,5,0,0,2,15.78,-1.56,0,0,0,0,0,11.68,5
308.18,18.26,-47.77,-67.65,27.03,-6.25,7.59,0.12,5,5,0,0,2,15.78,-1.56,0,0,0,0,0,11.65,5
308.2,18.29,-47.77,-67.65,27.03,-6.25,7.56,0.11,5,5,0,0,2,15.77,-2.06,0,0,0,0,0,11.83,5
308.23,18.31,-47.77,-67.66,27.04,-6.24,7.51,0.11,5,5,0,0,2,15.77,-2.06,0,0,0,0,0,11.68,5
308.26,18.34,-47.77,-67.66,27.04,-6.25,7.56,0.12,5,5,0,0,2,15.77,-1.98,0,0,0,0,0,11.83,5
308.28,18.36,-47.77,-67.66,27.04,-6.23,7.56,0.1,5,5,0,0,2,15.77,-1.98,0,0,0,0,0,11.76,5
308.31,18.39,-47.77,-67.65,27.04,-6.22,7.51,0.12,5,5,0,0,2,15.78,-1.56,0,0,0,0,0,11.9,5
308.33,18.41,-47.77,-67.65,27.04,-6.25,7.54,0.13,5,5,0,0,2,15.78,-1.56,0,0,0,0,0,11.79,5
308.36,18.44,-47.77,-67.66,27.04,-6.25,7.59,0.12,5,5,0,0,2,15.78,-1.98,0,0,0,0,0,11.68,5
308.38,18.47,-47.77,-67.65,27.04,-6.25,7.6,0.12,5,5,0,0,2,15.78,-1.98,0,0,0,0,0,11.68,5
308.41,18.49,-47.77,-67.65,27.04,-6.23,7.56,0.1,5,5,0,0,2,15.79,-1.56,0,0,0,0,0,11.76,5
308.43,18.52,-47.77,-67.65,27.04,-6.25,7.55,0.11,5,5,0,0,2,15.79,-1.56,0,0,0,0,0,11.79,5
308.46,18.54,-47.77,-67.65,27.04,-6.23,7.6,0.09,5,5,0,0,2,15.78,-1.98,0,0,0,0,0,11.9,5
308.49,18.57,-47.77,-67.64,27.04,-6.26,7.53,0.11,5,5,0,0,2,15.78,-1.98,0,0,0,0,0,11.54,5
308.51,18.6,-47.77,-67.64,27.04,-6.24,7.55,0.11,5,5,0,0,2,15.79,-1.47,0,0,0,0,0,11.65,5
308.54,18.62,-47.77,-67.64,27.04,-6.24,7.61,0.12,5,5,0,0,2,15.79,-1.47,0,0,0,0,0,11.72,5
308.57,18.65,-47.78,-67.64,27.04,-6.23,7.52,0.09,5,5,0,0,2,15.77,-1.47,0,0,0,0,0,11.65,5
308.59,18.68,-47.78,-67.64,27.04,-6.24,7.54,0.12,5,5,0,0,2,15.77,-1.47,0,0,0,0,0,11.54,5
308.62,18.7,-47.77,-67.64,27.04,-6.25,7.56,0.11,5,5,0,0,2,15.78,-1.98,0,0,0,0,0,11.76,5
308.64,18.73,-47.77,-67.64,27.04,-6.24,7.58,0.11,5,5,0,0,2,15.78,-1.98,0,0,0,0,0,11.76,5
308.67,18.76,-47.77,-67.63,27.04,-6.24,7.53,0.13,5,5,0,0,2,15.78,-1.98,0,0,0,0,0,11.79,5
308.7,18.78,-47.77,-67.63,27.04,-6.22,7.54,0.1,5,5,0,0,2,15.78,-1.98,0,0,0,0,0,11.79,5
308.72,18.81,-47.77,-67.63,27.04,-6.27,7.59,0.11,5,5,0,0,2,15.78,-1.81,0,0,0,0,0,11.72,5
308.75,18.83,-47.77,-67.63,27.05,-6.23,7.6,0.11,5,5,0,0,2,15.78,-1.81,0,0,0,0,0,11.76,5
308.78,18.86,-47.77,-67.63,27.05,-6.23,7.52,0.12,5,5,0,0,2,15.78,-1.73,0,0,0,0,0,11.61,5
308.8,18.89,-47.77,-67.62,27.04,-6.21,7.54,0.1,5,5,0,0,2,15.78,-1.73,0,0,0,0,0,11.54,5
308.83,18.91,-47.77,-67.62,27.05,-6.25,7.6,0.11,5,5,0,0,2,15.78,-1.9,0,0,0,0,0,11.68,5
308.85,18.94,-47.77,-67.62,27.04,-6.24,7.59,0.12,5,5,0,0,2,15.78,-1.9,0,0,0,0,0,11.76,5
308.88,18.96,-47.77,-67.62,27.04,-6.26,7.6,0.1,5,5,0,0,2,15.78,-1.98,0,0,0,0,0,11.79,5
308.9,18.99,-47.77,-67.62,27.04,-6.25,7.54,0.11,5,5,0,0,2,15.78,-1.98,0,0,0,0,0,11.76,5
308.93,19.01,-47.77,-67.62,27.04,-6.22,7.54,0.1,5,5,0,0,2,15.77,-1.47,0,0,0,0,0,11.79,5
308.95,19.04,-47.78,-67.62,27.04,-6.21,7.52,0.11,5,5,0,0,2,15.77,-1.47,0,0,0,0,0,11.61,5
308.98,19.06,-47.78,-67.62,27.04,-6.26,7.6,0.11,5,5,0,0,2,15.78,-1.9,0,0,0,0,0,11.54,5